date,close,open,high,low,change_pct
2000-01-03,1455.2,1469.2,1478.0,1438.4,-0.95
2000-01-04,1399.4,1455.2,1455.2,1397.4,-3.83
2000-01-05,1402.1,1399.4,1413.3,1377.7,0.19
2000-01-06,1403.5,1402.1,1411.9,1392.0,0.1
2000-01-07,1441.5,1403.5,1441.5,1400.5,2.71
2000-01-10,1457.6,1441.5,1464.4,1441.5,1.12
2000-01-11,1438.6,1457.6,1458.8,1434.4,-1.3
2000-01-12,1432.2,1439.1,1445.3,1427.3,-0.44
2000-01-13,1449.7,1432.2,1454.6,1432.2,1.22
2000-01-14,1465.2,1449.7,1473.0,1449.7,1.07
2000-01-18,1455.1,1465.2,1465.2,1451.2,-0.69
2000-01-19,1455.9,1455.1,1462.2,1448.7,0.05
2000-01-20,1445.6,1455.9,1465.6,1438.6,-0.71
2000-01-21,1441.4,1445.6,1452.8,1439.5,-0.29
2000-01-24,1401.5,1441.4,1454.2,1395.4,-2.77
2000-01-25,1410.0,1401.5,1414.3,1388.5,0.61
2000-01-26,1404.1,1410.0,1412.5,1400.1,-0.42
2000-01-27,1398.6,1404.1,1419.0,1380.5,-0.39
2000-01-28,1360.2,1398.6,1398.6,1356.1,-2.75
2000-01-31,1394.5,1360.2,1394.5,1350.0,2.52
2000-02-01,1409.3,1394.5,1412.6,1384.8,1.06
2000-02-02,1409.1,1409.3,1420.5,1403.2,-0.01
2000-02-03,1425.0,1409.1,1425.8,1398.5,1.13
2000-02-04,1424.4,1425.0,1436.0,1420.5,-0.04
2000-02-07,1424.2,1424.4,1427.2,1413.3,-0.01
2000-02-08,1441.7,1424.2,1442.0,1424.2,1.23
2000-02-09,1411.7,1443.3,1444.4,1411.6,-2.08
2000-02-10,1416.8,1411.7,1422.0,1406.4,0.36
2000-02-11,1387.1,1416.8,1416.8,1379.2,-2.1
2000-02-14,1389.9,1387.1,1394.9,1380.5,0.2
2000-02-15,1402.0,1389.9,1407.8,1376.2,0.87
2000-02-16,1387.7,1402.0,1404.7,1385.6,-1.02
2000-02-17,1388.3,1387.7,1399.8,1380.1,0.04
2000-02-18,1346.1,1388.3,1388.3,1345.3,-3.04
2000-02-22,1352.2,1346.1,1358.1,1332.0,0.45
2000-02-23,1360.7,1352.2,1370.1,1342.4,0.63
2000-02-24,1353.4,1360.7,1364.5,1329.9,-0.54
2000-02-25,1333.4,1353.4,1362.1,1329.1,-1.48
2000-02-28,1348.0,1333.4,1360.8,1325.0,1.09
2000-02-29,1366.4,1348.0,1369.5,1348.0,1.36
2000-03-01,1379.2,1366.4,1383.0,1366.4,0.94
2000-03-02,1381.8,1379.2,1386.9,1370.3,0.19
2000-03-03,1409.2,1381.8,1410.9,1381.8,1.98
2000-03-06,1391.3,1409.2,1409.8,1384.8,-1.27
2000-03-07,1355.6,1391.3,1399.6,1349.6,-2.57
2000-03-08,1366.7,1355.6,1373.6,1346.5,0.82
2000-03-09,1401.7,1366.7,1401.8,1357.8,2.56
2000-03-10,1395.1,1401.7,1413.4,1392.1,-0.47
2000-03-13,1383.6,1395.1,1398.5,1365.3,-0.82
2000-03-14,1359.2,1383.6,1395.3,1359.1,-1.76
2000-03-15,1392.2,1359.2,1398.0,1357.0,2.43
2000-03-16,1458.5,1392.2,1458.5,1392.2,4.76
2000-03-17,1464.5,1458.5,1476.6,1453.2,0.41
2000-03-20,1456.6,1464.5,1470.2,1448.4,-0.54
2000-03-21,1493.9,1456.6,1493.9,1446.0,2.56
2000-03-22,1500.6,1493.9,1505.0,1487.4,0.45
2000-03-23,1527.3,1500.6,1532.1,1493.8,1.78
2000-03-24,1527.5,1527.3,1553.1,1516.8,0.01
2000-03-27,1523.9,1527.5,1534.7,1518.6,-0.24
2000-03-28,1507.7,1523.9,1527.2,1507.2,-1.06
2000-03-29,1508.5,1507.7,1521.4,1497.3,0.05
2000-03-30,1487.9,1508.5,1517.4,1474.6,-1.37
2000-03-31,1498.6,1487.9,1519.8,1484.5,0.72
2000-04-03,1506.0,1498.6,1507.1,1487.1,0.49
2000-04-04,1494.7,1506.0,1526.2,1417.2,-0.75
2000-04-05,1487.4,1494.7,1506.5,1478.1,-0.49
2000-04-06,1501.3,1487.4,1511.8,1487.4,0.93
2000-04-07,1516.3,1501.3,1518.7,1501.3,1.0
2000-04-10,1504.5,1516.3,1527.1,1503.0,-0.78
2000-04-11,1500.6,1504.5,1512.8,1486.8,-0.26
2000-04-12,1467.2,1500.6,1510.6,1466.2,-2.23
2000-04-13,1440.5,1467.2,1477.4,1440.3,-1.82
2000-04-14,1356.6,1440.5,1440.5,1339.4,-5.82
2000-04-17,1401.4,1356.6,1401.5,1346.7,3.3
2000-04-18,1441.6,1401.4,1441.6,1397.6,2.87
2000-04-19,1427.5,1441.6,1447.7,1425.3,-0.98
2000-04-20,1434.5,1427.5,1435.4,1422.0,0.49
2000-04-24,1429.9,1434.5,1434.5,1407.2,-0.32
2000-04-25,1477.4,1429.9,1477.7,1429.9,3.32
2000-04-26,1461.0,1477.4,1482.8,1457.3,-1.11
2000-04-27,1464.9,1461.0,1469.1,1434.8,0.27
2000-04-28,1452.4,1464.9,1473.4,1448.5,-0.85
2000-05-01,1468.2,1452.4,1481.4,1452.4,1.09
2000-05-02,1446.3,1468.2,1468.2,1445.1,-1.49
2000-05-03,1415.1,1446.3,1446.3,1398.4,-2.16
2000-05-04,1409.6,1415.1,1420.5,1405.0,-0.39
2000-05-05,1432.6,1409.6,1435.9,1405.2,1.63
2000-05-08,1424.2,1432.6,1432.6,1416.9,-0.59
2000-05-09,1412.1,1424.2,1429.8,1401.9,-0.85
2000-05-10,1383.0,1412.1,1412.1,1375.2,-2.06
2000-05-11,1407.8,1383.0,1410.2,1383.0,1.79
2000-05-12,1421.0,1407.8,1430.2,1407.8,0.94
2000-05-15,1452.4,1421.0,1452.4,1417.0,2.21
2000-05-16,1466.0,1452.4,1470.4,1450.8,0.94
2000-05-17,1447.8,1466.0,1466.0,1441.6,-1.24
2000-05-18,1437.2,1447.8,1458.0,1436.7,-0.73
2000-05-19,1407.0,1437.2,1437.2,1401.7,-2.1
2000-05-22,1400.7,1407.0,1410.3,1368.6,-0.45
2000-05-23,1373.9,1400.7,1403.8,1373.4,-1.91
2000-05-24,1399.0,1373.9,1401.4,1361.2,1.83
2000-05-25,1381.5,1399.0,1411.9,1374.0,-1.25
2000-05-26,1378.0,1381.5,1391.5,1369.8,-0.25
2000-05-30,1422.5,1378.0,1422.5,1377.8,3.23
2000-05-31,1420.6,1422.4,1434.6,1415.4,-0.13
2000-06-01,1448.8,1420.6,1448.8,1420.6,1.99
2000-06-02,1477.3,1448.8,1483.4,1448.8,1.97
2000-06-05,1467.6,1477.3,1477.3,1464.7,-0.66
2000-06-06,1457.8,1467.6,1471.3,1454.8,-0.67
2000-06-07,1471.4,1457.8,1474.6,1455.2,0.93
2000-06-08,1461.7,1471.4,1475.6,1456.5,-0.66
2000-06-09,1457.0,1461.7,1472.7,1454.9,-0.32
2000-06-12,1446.0,1457.0,1463.0,1446.0,-0.75
2000-06-13,1469.4,1446.0,1470.4,1442.5,1.62
2000-06-14,1470.5,1469.4,1483.6,1467.8,0.07
2000-06-15,1478.7,1470.5,1482.0,1464.5,0.56
2000-06-16,1464.5,1478.7,1481.0,1460.3,-0.96
2000-06-19,1486.0,1464.5,1489.0,1459.0,1.47
2000-06-20,1476.0,1486.0,1487.2,1470.2,-0.67
2000-06-21,1479.1,1476.0,1482.2,1468.5,0.21
2000-06-22,1452.2,1479.1,1479.1,1448.1,-1.82
2000-06-23,1441.5,1452.2,1459.8,1438.3,-0.74
2000-06-26,1455.3,1441.5,1462.3,1441.5,0.96
2000-06-27,1450.5,1455.3,1463.3,1450.5,-0.33
2000-06-28,1454.8,1450.5,1467.6,1450.5,0.3
2000-06-29,1442.4,1454.8,1455.2,1434.6,-0.85
2000-06-30,1454.6,1442.4,1454.7,1438.8,0.85
2000-07-03,1469.5,1454.6,1469.8,1450.8,1.02
2000-07-05,1446.2,1469.5,1469.5,1442.5,-1.59
2000-07-06,1456.7,1446.2,1461.7,1439.6,0.73
2000-07-07,1478.9,1456.7,1485.2,1456.7,1.52
2000-07-10,1475.6,1478.9,1486.5,1474.7,-0.22
2000-07-11,1480.9,1475.6,1488.9,1470.5,0.36
2000-07-12,1492.9,1480.9,1497.5,1480.9,0.81
2000-07-13,1495.8,1492.9,1501.4,1489.7,0.19
2000-07-14,1510.0,1495.8,1510.0,1494.7,0.95
2000-07-17,1510.5,1510.0,1517.2,1505.3,0.03
2000-07-18,1493.7,1510.5,1510.5,1491.4,-1.11
2000-07-19,1482.0,1493.7,1495.5,1479.8,-0.78
2000-07-20,1495.6,1482.0,1501.9,1482.0,0.92
2000-07-21,1480.2,1495.6,1495.6,1478.0,-1.03
2000-07-24,1464.3,1480.2,1485.8,1463.8,-1.07
2000-07-25,1474.5,1464.3,1476.3,1464.3,0.7
2000-07-26,1452.4,1474.5,1474.5,1452.4,-1.5
2000-07-27,1449.6,1452.4,1464.8,1445.3,-0.19
2000-07-28,1419.9,1449.6,1456.3,1414.2,-2.05
2000-07-31,1430.8,1419.9,1437.6,1418.3,0.77
2000-08-01,1438.1,1430.8,1443.5,1428.8,0.51
2000-08-02,1438.7,1438.1,1451.6,1433.5,0.04
2000-08-03,1452.6,1438.7,1454.3,1426.0,0.97
2000-08-04,1462.9,1452.6,1462.9,1451.5,0.71
2000-08-07,1479.3,1462.9,1480.9,1460.8,1.12
2000-08-08,1482.8,1479.3,1484.5,1472.6,0.24
2000-08-09,1472.9,1482.8,1490.3,1471.2,-0.67
2000-08-10,1460.2,1472.9,1475.2,1459.9,-0.86
2000-08-11,1471.8,1460.2,1475.6,1452.9,0.79
2000-08-14,1491.6,1471.8,1491.6,1468.6,1.35
2000-08-15,1484.4,1491.6,1493.0,1482.8,-0.48
2000-08-16,1479.8,1484.4,1494.7,1475.8,-0.31
2000-08-17,1496.1,1479.8,1499.5,1479.8,1.1
2000-08-18,1491.7,1496.1,1499.5,1488.9,-0.29
2000-08-21,1499.5,1491.7,1503.0,1491.1,0.52
2000-08-22,1498.1,1499.5,1508.2,1497.6,-0.09
2000-08-23,1506.0,1498.1,1507.3,1489.4,0.53
2000-08-24,1508.3,1506.0,1511.2,1501.3,0.15
2000-08-25,1506.5,1508.3,1513.4,1505.2,-0.12
2000-08-28,1514.1,1507.0,1523.9,1506.5,0.5
2000-08-29,1509.8,1514.1,1514.8,1505.5,-0.28
2000-08-30,1502.6,1509.8,1510.4,1500.1,-0.48
2000-08-31,1517.7,1502.6,1525.3,1502.6,1.0
2000-09-01,1520.8,1517.7,1530.0,1515.6,0.2
2000-09-05,1507.1,1520.8,1520.8,1504.2,-0.9
2000-09-06,1492.2,1507.1,1512.4,1492.2,-0.99
2000-09-07,1502.5,1492.2,1505.2,1492.2,0.69
2000-09-08,1494.5,1502.5,1502.5,1489.9,-0.53
2000-09-11,1489.3,1494.5,1506.6,1483.0,-0.35
2000-09-12,1482.0,1489.3,1496.6,1479.9,-0.49
2000-09-13,1484.9,1482.0,1487.4,1474.0,0.2
2000-09-14,1480.9,1484.9,1494.3,1476.8,-0.27
2000-09-15,1465.8,1480.9,1481.0,1460.2,-1.02
2000-09-18,1444.5,1465.8,1467.9,1441.8,-1.45
2000-09-19,1459.9,1444.5,1461.0,1444.5,1.07
2000-09-20,1451.3,1459.9,1460.7,1431.0,-0.59
2000-09-21,1449.0,1451.3,1452.9,1436.2,-0.16
2000-09-22,1448.7,1449.0,1449.4,1421.9,-0.02
2000-09-25,1439.0,1448.7,1457.4,1436.1,-0.67
2000-09-26,1427.2,1439.0,1447.7,1425.3,-0.82
2000-09-27,1426.6,1427.2,1436.7,1419.5,-0.04
2000-09-28,1458.3,1426.6,1461.7,1425.8,2.22
2000-09-29,1436.5,1458.3,1458.3,1436.5,-1.49
2000-10-02,1436.2,1436.5,1445.5,1429.8,-0.02
2000-10-03,1426.5,1436.2,1454.8,1425.3,-0.68
2000-10-04,1434.3,1426.5,1440.0,1416.3,0.55
2000-10-05,1436.3,1434.3,1444.2,1431.8,0.14
2000-10-06,1409.0,1436.3,1443.3,1397.1,-1.9
2000-10-09,1402.0,1409.0,1409.7,1392.5,-0.5
2000-10-10,1387.0,1402.0,1408.8,1383.8,-1.07
2000-10-11,1364.6,1387.0,1387.0,1349.7,-1.61
2000-10-12,1329.8,1364.6,1374.9,1328.1,-2.55
2000-10-13,1374.2,1329.8,1374.2,1326.8,3.34
2000-10-16,1374.6,1374.2,1379.5,1365.1,0.03
2000-10-17,1350.0,1374.6,1381.0,1342.3,-1.79
2000-10-18,1342.1,1350.0,1356.7,1305.8,-0.59
2000-10-19,1388.8,1342.1,1389.9,1342.1,3.48
2000-10-20,1396.9,1388.8,1408.5,1382.2,0.58
2000-10-23,1395.8,1396.9,1407.0,1387.8,-0.08
2000-10-24,1398.1,1395.8,1415.6,1388.1,0.16
2000-10-25,1364.9,1398.1,1398.1,1362.2,-2.37
2000-10-26,1364.4,1364.9,1372.7,1337.8,-0.04
2000-10-27,1379.6,1364.4,1384.6,1364.1,1.11
2000-10-30,1398.7,1379.6,1406.4,1376.9,1.38
2000-10-31,1429.4,1398.7,1432.2,1398.7,2.19
2000-11-01,1421.2,1429.4,1429.6,1410.5,-0.57
2000-11-02,1428.3,1421.2,1433.3,1421.1,0.5
2000-11-03,1426.7,1428.3,1433.2,1420.9,-0.11
2000-11-06,1432.2,1428.8,1438.5,1427.7,0.39
2000-11-07,1431.9,1432.2,1436.2,1423.3,-0.02
2000-11-08,1409.3,1431.9,1437.3,1408.8,-1.58
2000-11-09,1400.1,1409.3,1409.3,1369.7,-0.65
2000-11-10,1366.0,1400.1,1400.1,1366.0,-2.44
2000-11-13,1351.3,1366.0,1366.0,1328.6,-1.08
2000-11-14,1383.0,1351.3,1390.1,1351.3,2.35
2000-11-15,1389.8,1383.0,1396.0,1374.8,0.49
2000-11-16,1372.3,1389.8,1394.7,1370.4,-1.26
2000-11-17,1367.7,1372.3,1384.8,1355.5,-0.34
2000-11-20,1342.6,1367.7,1367.7,1341.7,-1.84
2000-11-21,1347.3,1342.6,1355.9,1333.6,0.35
2000-11-22,1322.4,1347.3,1347.3,1321.9,-1.85
2000-11-24,1341.8,1322.4,1343.8,1322.4,1.47
2000-11-27,1349.0,1341.8,1362.5,1341.8,0.54
2000-11-28,1336.1,1349.0,1358.8,1335.0,-0.96
2000-11-29,1341.9,1336.1,1352.4,1329.3,0.43
2000-11-30,1315.0,1341.9,1341.9,1294.9,-2.0
2000-12-01,1315.2,1315.0,1334.7,1307.0,0.02
2000-12-04,1325.0,1315.2,1332.1,1310.2,0.75
2000-12-05,1376.5,1325.0,1376.6,1325.0,3.89
2000-12-06,1351.5,1376.5,1376.5,1346.2,-1.82
2000-12-07,1343.5,1351.5,1353.5,1339.3,-0.59
2000-12-08,1369.9,1343.5,1380.3,1343.5,1.97
2000-12-11,1380.2,1369.9,1389.0,1364.1,0.75
2000-12-12,1371.2,1380.2,1380.3,1370.3,-0.65
2000-12-13,1360.0,1371.2,1385.8,1358.5,-0.82
2000-12-14,1340.9,1360.0,1360.0,1340.5,-1.4
2000-12-15,1312.2,1340.9,1340.9,1305.4,-2.14
2000-12-18,1322.7,1312.2,1332.3,1312.2,0.8
2000-12-19,1305.6,1323.0,1346.4,1305.2,-1.29
2000-12-20,1264.7,1305.6,1305.6,1261.2,-3.13
2000-12-21,1274.9,1264.7,1285.3,1254.1,0.81
2000-12-22,1306.0,1274.9,1306.0,1274.9,2.44
2000-12-26,1315.2,1306.0,1315.9,1301.6,0.7
2000-12-27,1328.9,1315.2,1332.0,1311.0,1.04
2000-12-28,1334.2,1328.9,1335.9,1325.8,0.4
2000-12-29,1320.3,1334.2,1340.1,1317.5,-1.04
2001-01-02,1283.3,1320.3,1320.3,1276.0,-2.8
2001-01-03,1347.6,1283.3,1347.8,1274.6,5.01
2001-01-04,1333.3,1347.6,1350.2,1329.1,-1.06
2001-01-05,1298.3,1333.3,1334.8,1295.0,-2.63
2001-01-08,1295.9,1298.3,1298.3,1276.3,-0.18
2001-01-09,1300.8,1295.9,1311.7,1295.1,0.38
2001-01-10,1313.3,1300.8,1313.8,1287.3,0.96
2001-01-11,1326.8,1313.3,1332.2,1309.7,1.03
2001-01-12,1318.3,1326.8,1333.2,1311.6,-0.64
2001-01-16,1326.7,1318.3,1327.8,1313.3,0.64
2001-01-17,1329.5,1326.7,1346.9,1325.4,0.21
2001-01-18,1348.0,1329.9,1352.7,1327.4,1.39
2001-01-19,1342.5,1348.0,1354.5,1336.7,-0.41
2001-01-22,1342.9,1342.5,1353.6,1333.8,0.03
2001-01-23,1360.4,1342.9,1362.9,1339.6,1.3
2001-01-24,1364.3,1360.4,1369.8,1357.3,0.29
2001-01-25,1357.5,1364.3,1367.3,1354.6,-0.5
2001-01-26,1355.0,1357.5,1357.5,1342.8,-0.18
2001-01-29,1364.2,1354.9,1365.5,1350.4,0.68
2001-01-30,1373.7,1364.2,1375.7,1356.2,0.7
2001-01-31,1366.0,1373.7,1383.4,1364.7,-0.56
2001-02-01,1373.5,1366.0,1373.5,1359.3,0.55
2001-02-02,1349.5,1373.5,1376.4,1348.7,-1.75
2001-02-05,1354.3,1349.5,1354.6,1344.5,0.36
2001-02-06,1352.3,1354.3,1363.5,1350.0,-0.15
2001-02-07,1340.9,1352.3,1352.3,1334.3,-0.84
2001-02-08,1332.5,1341.1,1350.3,1332.4,-0.63
2001-02-09,1314.8,1332.5,1332.5,1310.0,-1.33
2001-02-12,1330.3,1314.8,1331.0,1313.6,1.18
2001-02-13,1318.8,1330.3,1336.6,1317.5,-0.86
2001-02-14,1315.9,1318.8,1320.7,1304.7,-0.22
2001-02-15,1326.6,1315.9,1331.3,1315.9,0.81
2001-02-16,1301.5,1326.6,1326.6,1293.2,-1.89
2001-02-20,1278.9,1301.5,1307.2,1278.4,-1.74
2001-02-21,1255.3,1278.9,1283.0,1253.2,-1.85
2001-02-22,1252.8,1255.3,1259.9,1228.3,-0.2
2001-02-23,1245.9,1252.8,1252.8,1215.4,-0.55
2001-02-26,1267.7,1245.9,1267.7,1241.7,1.75
2001-02-27,1257.9,1267.7,1272.8,1252.3,-0.77
2001-02-28,1239.9,1257.9,1263.5,1229.7,-1.43
2001-03-01,1241.2,1239.9,1241.4,1214.5,0.1
2001-03-02,1234.2,1241.2,1251.0,1219.7,-0.56
2001-03-05,1241.4,1234.2,1242.5,1234.0,0.58
2001-03-06,1253.8,1241.4,1267.4,1241.4,1.0
2001-03-07,1261.9,1253.8,1263.9,1253.8,0.65
2001-03-08,1264.7,1261.9,1266.5,1257.6,0.22
2001-03-09,1233.4,1264.7,1264.7,1228.4,-2.47
2001-03-12,1180.2,1233.4,1233.4,1176.8,-4.31
2001-03-13,1197.7,1180.2,1197.8,1171.5,1.48
2001-03-14,1166.7,1197.7,1197.7,1155.3,-2.59
2001-03-15,1173.6,1166.7,1182.0,1166.7,0.59
2001-03-16,1150.5,1173.6,1173.6,1148.6,-1.97
2001-03-19,1170.8,1150.5,1173.5,1147.2,1.76
2001-03-20,1142.6,1170.8,1180.6,1142.2,-2.41
2001-03-21,1122.1,1142.6,1149.4,1118.7,-1.79
2001-03-22,1117.6,1122.1,1124.3,1081.2,-0.4
2001-03-23,1139.8,1117.6,1141.8,1117.6,1.99
2001-03-26,1152.7,1139.8,1160.0,1139.8,1.13
2001-03-27,1182.2,1152.7,1183.4,1151.0,2.56
2001-03-28,1153.3,1182.2,1182.2,1147.8,-2.44
2001-03-29,1148.0,1153.3,1161.7,1136.3,-0.46
2001-03-30,1160.3,1148.0,1162.8,1143.8,1.07
2001-04-02,1145.9,1160.3,1169.5,1137.5,-1.24
2001-04-03,1106.5,1145.9,1145.9,1100.2,-3.44
2001-04-04,1103.2,1106.5,1117.5,1092.0,-0.3
2001-04-05,1151.4,1103.2,1151.5,1103.2,4.37
2001-04-06,1128.4,1151.4,1151.4,1119.3,-2.0
2001-04-09,1137.6,1128.4,1146.1,1126.4,0.82
2001-04-10,1168.4,1137.6,1173.9,1137.6,2.71
2001-04-11,1165.9,1168.4,1182.2,1160.3,-0.21
2001-04-12,1183.5,1165.9,1183.5,1157.7,1.51
2001-04-16,1179.7,1183.5,1184.6,1167.4,-0.32
2001-04-17,1191.8,1179.7,1192.2,1168.9,1.03
2001-04-18,1238.2,1191.8,1248.4,1191.8,3.89
2001-04-19,1253.7,1238.2,1253.7,1233.4,1.25
2001-04-20,1243.0,1253.7,1253.7,1234.4,-0.85
2001-04-23,1224.4,1243.0,1243.0,1217.5,-1.5
2001-04-24,1209.5,1224.4,1233.5,1208.9,-1.22
2001-04-25,1228.8,1209.5,1232.4,1207.4,1.6
2001-04-26,1234.5,1228.8,1248.3,1228.8,0.46
2001-04-27,1253.0,1234.5,1253.1,1234.5,1.5
2001-04-30,1249.5,1253.0,1269.3,1244.0,-0.28
2001-05-01,1266.4,1249.5,1266.5,1243.5,1.35
2001-05-02,1267.4,1266.4,1272.9,1257.7,0.08
2001-05-03,1248.6,1267.4,1267.4,1239.9,-1.48
2001-05-04,1266.6,1248.6,1267.5,1232.0,1.44
2001-05-07,1263.5,1266.6,1270.0,1259.2,-0.24
2001-05-08,1261.2,1266.7,1267.0,1253.0,-0.18
2001-05-09,1255.5,1261.2,1261.7,1247.8,-0.45
2001-05-10,1255.2,1255.5,1268.1,1254.6,-0.02
2001-05-11,1245.7,1255.2,1259.8,1240.8,-0.76
2001-05-14,1248.9,1245.7,1249.7,1241.0,0.26
2001-05-15,1249.4,1248.9,1257.5,1245.4,0.04
2001-05-16,1285.0,1249.4,1286.4,1243.0,2.85
2001-05-17,1288.5,1285.0,1296.5,1282.7,0.27
2001-05-18,1292.0,1288.5,1292.1,1281.2,0.27
2001-05-21,1312.8,1292.0,1313.0,1287.9,1.61
2001-05-22,1309.4,1312.8,1315.9,1306.9,-0.26
2001-05-23,1289.0,1309.4,1309.4,1288.7,-1.56
2001-05-24,1293.2,1289.0,1295.0,1281.2,0.33
2001-05-25,1277.9,1293.2,1293.2,1276.4,-1.18
2001-05-29,1267.9,1277.9,1278.4,1265.4,-0.78
2001-05-30,1248.1,1267.9,1267.9,1246.0,-1.56
2001-05-31,1255.8,1248.1,1261.9,1248.1,0.62
2001-06-01,1260.7,1255.8,1265.3,1246.9,0.39
2001-06-04,1267.1,1260.7,1267.2,1256.4,0.51
2001-06-05,1283.6,1267.1,1286.6,1267.1,1.3
2001-06-06,1270.0,1283.6,1283.8,1269.0,-1.06
2001-06-07,1277.0,1270.0,1277.1,1265.1,0.55
2001-06-08,1265.0,1277.0,1277.1,1260.0,-0.94
2001-06-11,1254.4,1265.0,1265.0,1249.2,-0.84
2001-06-12,1255.8,1254.4,1261.0,1235.8,0.11
2001-06-13,1241.6,1255.8,1259.8,1241.6,-1.13
2001-06-14,1219.9,1241.6,1241.6,1218.9,-1.75
2001-06-15,1214.4,1219.9,1221.5,1203.0,-0.45
2001-06-18,1208.4,1214.4,1221.2,1208.3,-0.49
2001-06-19,1212.6,1208.4,1226.1,1207.7,0.35
2001-06-20,1223.1,1212.6,1225.6,1210.1,0.87
2001-06-21,1237.0,1223.1,1240.2,1220.2,1.14
2001-06-22,1225.3,1237.0,1237.7,1221.4,-0.95
2001-06-25,1218.6,1225.3,1231.5,1213.6,-0.55
2001-06-26,1216.8,1218.6,1220.7,1204.6,-0.15
2001-06-27,1211.1,1216.8,1219.9,1207.3,-0.47
2001-06-28,1226.2,1211.1,1234.4,1211.1,1.25
2001-06-29,1224.4,1226.2,1237.3,1221.1,-0.15
2001-07-02,1236.7,1224.4,1239.8,1224.0,1.0
2001-07-03,1234.5,1236.7,1236.7,1229.4,-0.18
2001-07-05,1219.2,1234.5,1234.5,1219.2,-1.24
2001-07-06,1190.6,1219.2,1219.2,1188.7,-2.35
2001-07-09,1198.8,1190.6,1201.8,1189.8,0.69
2001-07-10,1181.5,1198.8,1203.4,1179.9,-1.44
2001-07-11,1180.2,1181.5,1184.9,1168.5,-0.11
2001-07-12,1208.1,1180.2,1210.2,1180.2,2.36
2001-07-13,1215.7,1208.1,1218.5,1203.6,0.63
2001-07-16,1202.5,1215.7,1219.6,1200.0,-1.09
2001-07-17,1214.4,1202.5,1215.4,1196.1,0.99
2001-07-18,1207.7,1214.4,1214.4,1198.3,-0.55
2001-07-19,1215.0,1207.7,1225.0,1205.8,0.6
2001-07-20,1210.8,1215.0,1215.7,1207.0,-0.35
2001-07-23,1191.0,1210.8,1215.2,1190.5,-1.64
2001-07-24,1171.7,1191.0,1191.0,1165.5,-1.62
2001-07-25,1190.5,1171.7,1190.5,1171.3,1.6
2001-07-26,1202.9,1190.5,1204.2,1182.7,1.04
2001-07-27,1205.8,1202.9,1209.3,1196.0,0.24
2001-07-30,1204.5,1205.8,1209.0,1200.4,-0.11
2001-07-31,1211.2,1204.5,1222.7,1204.5,0.56
2001-08-01,1215.9,1211.2,1223.0,1211.2,0.39
2001-08-02,1220.8,1215.9,1226.3,1215.3,0.4
2001-08-03,1214.3,1220.8,1220.8,1205.3,-0.53
2001-08-06,1200.5,1214.3,1214.3,1197.3,-1.14
2001-08-07,1204.4,1200.5,1207.6,1195.6,0.32
2001-08-08,1183.5,1204.4,1206.8,1181.3,-1.74
2001-08-09,1183.4,1183.5,1184.7,1174.7,-0.01
2001-08-10,1190.2,1183.4,1193.3,1169.5,0.57
2001-08-13,1191.3,1190.2,1193.8,1185.1,0.09
2001-08-14,1186.7,1191.3,1198.8,1184.3,-0.39
2001-08-15,1178.0,1186.7,1191.2,1177.6,-0.73
2001-08-16,1181.7,1178.0,1181.8,1166.1,0.31
2001-08-17,1162.0,1181.7,1181.7,1156.1,-1.67
2001-08-20,1171.4,1162.0,1171.4,1160.9,0.81
2001-08-21,1157.3,1171.4,1179.8,1156.6,-1.2
2001-08-22,1165.3,1157.3,1168.6,1153.3,0.69
2001-08-23,1162.1,1165.3,1169.9,1161.0,-0.27
2001-08-24,1184.9,1162.1,1185.2,1162.1,1.96
2001-08-27,1179.2,1184.9,1186.8,1178.1,-0.48
2001-08-28,1161.5,1179.2,1179.7,1161.2,-1.5
2001-08-29,1148.6,1161.5,1167.0,1147.4,-1.11
2001-08-30,1129.0,1148.6,1151.8,1124.9,-1.71
2001-08-31,1133.6,1129.0,1141.8,1126.4,0.41
2001-09-04,1132.9,1133.6,1155.4,1129.1,-0.06
2001-09-05,1131.7,1132.9,1135.5,1114.9,-0.11
2001-09-06,1106.4,1131.7,1131.7,1105.8,-2.24
2001-09-07,1085.8,1106.4,1106.4,1082.1,-1.86
2001-09-10,1092.5,1085.8,1096.9,1073.2,0.62
2001-09-17,1038.8,1092.5,1092.5,1037.5,-4.92
2001-09-18,1032.7,1038.8,1046.4,1029.2,-0.59
2001-09-19,1016.1,1032.7,1038.9,984.6,-1.61
2001-09-20,984.5,1016.1,1016.1,984.5,-3.11
2001-09-21,965.8,984.5,984.5,944.8,-1.9
2001-09-24,1003.5,965.8,1008.4,965.8,3.9
2001-09-25,1012.3,1003.5,1017.1,998.3,0.88
2001-09-26,1007.0,1012.3,1020.3,1002.6,-0.52
2001-09-27,1018.6,1007.0,1018.9,998.2,1.15
2001-09-28,1040.9,1028.5,1040.9,1018.6,2.19
2001-10-01,1038.5,1037.9,1040.9,1026.8,-0.23
2001-10-02,1051.3,1037.6,1051.3,1034.5,1.23
2001-10-03,1072.3,1042.9,1075.4,1041.5,2.0
2001-10-04,1069.6,1072.3,1084.1,1067.8,-0.25
2001-10-05,1071.4,1069.6,1072.3,1053.5,0.17
2001-10-08,1062.4,1060.3,1071.4,1056.9,-0.84
2001-10-09,1056.8,1062.9,1063.4,1053.8,-0.53
2001-10-10,1081.0,1055.3,1081.6,1052.7,2.29
2001-10-11,1097.4,1081.0,1099.2,1081.0,1.52
2001-10-12,1091.7,1088.4,1097.4,1072.2,-0.52
2001-10-15,1090.0,1083.4,1091.7,1078.2,-0.16
2001-10-16,1097.5,1093.7,1101.7,1087.1,0.69
2001-10-17,1077.1,1107.6,1107.1,1076.6,-1.86
2001-10-18,1068.6,1074.4,1077.9,1064.5,-0.79
2001-10-19,1073.5,1066.6,1075.5,1057.2,0.46
2001-10-22,1089.9,1073.5,1090.6,1070.3,1.53
2001-10-23,1084.8,1093.9,1099.0,1081.5,-0.47
2001-10-24,1085.2,1085.2,1090.3,1080.0,0.04
2001-10-25,1100.1,1072.7,1100.1,1065.6,1.37
2001-10-26,1104.6,1096.2,1110.6,1094.2,0.41
2001-10-29,1078.3,1099.8,1104.6,1078.3,-2.38
2001-10-30,1059.8,1078.3,1078.3,1053.6,-1.72
2001-10-31,1059.8,1066.4,1074.8,1057.5,0.0
2001-11-01,1084.1,1063.1,1085.6,1054.3,2.29
2001-11-02,1087.2,1080.5,1089.6,1075.6,0.29
2001-11-05,1102.8,1087.2,1106.7,1087.2,1.43
2001-11-06,1118.9,1102.8,1119.7,1095.4,1.46
2001-11-07,1115.8,1118.9,1126.6,1113.0,-0.28
2001-11-08,1118.5,1115.8,1135.8,1115.4,0.24
2001-11-09,1120.3,1117.6,1123.0,1111.1,0.16
2001-11-12,1118.3,1112.7,1121.7,1098.3,-0.18
2001-11-13,1139.1,1118.3,1139.1,1118.3,1.86
2001-11-14,1141.2,1146.3,1148.3,1132.9,0.18
2001-11-15,1142.2,1141.2,1146.5,1135.1,0.09
2001-11-16,1138.7,1142.2,1143.5,1129.9,-0.31
2001-11-19,1151.1,1143.9,1151.1,1138.7,1.09
2001-11-20,1142.7,1149.0,1152.5,1142.2,-0.73
2001-11-21,1137.0,1140.2,1142.7,1129.8,-0.5
2001-11-23,1150.3,1137.0,1151.0,1135.9,1.17
2001-11-26,1157.4,1150.3,1157.9,1146.2,0.62
2001-11-27,1149.5,1152.1,1163.4,1140.8,-0.68
2001-11-28,1128.5,1143.1,1149.5,1128.3,-1.83
2001-11-29,1140.2,1131.0,1140.4,1125.5,1.04
2001-11-30,1139.5,1140.0,1143.6,1135.9,-0.06
2001-12-03,1129.9,1139.5,1139.5,1125.8,-0.84
2001-12-04,1144.8,1134.5,1144.8,1128.9,1.32
2001-12-05,1170.3,1151.4,1173.6,1143.8,2.23
2001-12-06,1167.1,1168.1,1173.3,1164.4,-0.27
2001-12-07,1158.3,1162.5,1167.1,1152.7,-0.75
2001-12-10,1139.9,1152.4,1158.3,1139.7,-1.59
2001-12-11,1136.8,1139.9,1150.9,1134.3,-0.27
2001-12-12,1137.1,1139.3,1141.5,1126.1,0.03
2001-12-13,1119.4,1127.6,1137.1,1117.8,-1.56
2001-12-14,1123.1,1117.9,1128.3,1114.5,0.33
2001-12-17,1134.4,1123.1,1137.4,1122.3,1.01
2001-12-18,1142.9,1134.4,1145.1,1134.4,0.75
2001-12-19,1149.6,1136.3,1152.4,1134.8,0.59
2001-12-20,1139.9,1148.9,1151.4,1139.9,-0.84
2001-12-21,1144.9,1139.9,1147.8,1139.9,0.44
2001-12-24,1144.7,1145.0,1147.8,1144.6,-0.02
2001-12-26,1149.4,1144.7,1159.2,1144.7,0.41
2001-12-27,1157.1,1149.4,1157.1,1149.4,0.67
2001-12-28,1161.0,1157.1,1164.6,1157.1,0.34
2001-12-31,1148.1,1158.3,1161.2,1148.0,-1.11
2002-01-02,1154.7,1149.0,1154.7,1136.2,0.57
2002-01-03,1165.3,1155.5,1165.3,1154.0,0.92
2002-01-04,1172.5,1171.1,1176.5,1163.4,0.62
2002-01-07,1164.9,1174.7,1177.0,1163.5,-0.65
2002-01-08,1160.7,1165.3,1167.6,1157.5,-0.36
2002-01-09,1155.1,1163.8,1174.3,1151.9,-0.48
2002-01-10,1156.5,1154.3,1159.9,1150.8,0.12
2002-01-11,1145.6,1158.5,1159.4,1145.5,-0.94
2002-01-14,1138.4,1143.0,1145.6,1138.2,-0.63
2002-01-15,1146.2,1140.8,1148.8,1136.9,0.69
2002-01-16,1127.6,1139.2,1146.2,1127.5,-1.62
2002-01-17,1138.9,1135.7,1139.3,1127.6,1.0
2002-01-18,1127.6,1127.5,1138.9,1124.5,-0.99
2002-01-22,1119.3,1135.3,1135.3,1117.9,-0.74
2002-01-23,1128.2,1122.2,1131.9,1117.4,0.8
2002-01-24,1132.2,1133.4,1139.5,1128.2,0.35
2002-01-25,1133.3,1129.3,1138.3,1127.8,0.1
2002-01-28,1133.1,1136.3,1138.6,1126.7,-0.02
2002-01-29,1100.6,1133.8,1137.5,1098.7,-2.87
2002-01-30,1113.6,1100.2,1113.8,1081.7,1.18
2002-01-31,1130.2,1117.8,1130.2,1113.3,1.49
2002-02-01,1122.2,1127.4,1130.2,1118.5,-0.71
2002-02-04,1094.4,1118.0,1122.2,1092.2,-2.48
2002-02-05,1090.0,1088.7,1101.0,1082.6,-0.4
2002-02-06,1083.5,1091.5,1093.6,1077.8,-0.6
2002-02-07,1080.2,1083.3,1094.0,1078.4,-0.3
2002-02-08,1096.2,1082.4,1096.3,1079.9,1.48
2002-02-11,1111.9,1095.4,1112.0,1094.7,1.43
2002-02-12,1107.5,1106.2,1112.7,1103.0,-0.4
2002-02-13,1118.5,1107.5,1120.6,1107.5,0.99
2002-02-14,1116.5,1118.5,1124.7,1112.3,-0.18
2002-02-15,1104.2,1116.7,1117.1,1103.2,-1.1
2002-02-19,1083.3,1102.2,1102.2,1082.2,-1.89
2002-02-20,1098.0,1084.7,1098.3,1074.4,1.36
2002-02-21,1081.0,1094.3,1101.5,1080.2,-1.55
2002-02-22,1089.8,1078.2,1093.9,1074.4,0.81
2002-02-25,1109.4,1090.8,1112.7,1089.8,1.8
2002-02-26,1109.4,1110.3,1115.0,1101.7,0.0
2002-02-27,1109.9,1111.2,1123.1,1102.3,0.05
2002-02-28,1106.7,1110.8,1121.6,1106.7,-0.29
2002-03-01,1131.8,1108.7,1131.8,1108.7,2.27
2002-03-04,1153.8,1130.9,1153.8,1130.9,1.94
2002-03-05,1146.1,1153.0,1157.7,1144.8,-0.67
2002-03-06,1162.8,1145.9,1165.3,1145.1,1.46
2002-03-07,1157.5,1164.7,1167.9,1150.7,-0.46
2002-03-08,1164.3,1161.1,1172.8,1159.8,0.59
2002-03-11,1168.3,1164.0,1173.0,1159.6,0.34
2002-03-12,1165.6,1168.3,1168.3,1154.3,-0.23
2002-03-13,1154.1,1163.0,1164.3,1151.0,-0.99
2002-03-14,1153.0,1154.2,1157.8,1151.1,-0.1
2002-03-15,1166.2,1153.5,1166.5,1153.5,1.14
2002-03-18,1165.5,1166.2,1172.7,1159.1,-0.06
2002-03-19,1170.3,1165.5,1173.9,1165.5,0.41
2002-03-20,1151.8,1170.2,1170.2,1151.6,-1.58
2002-03-21,1153.6,1151.5,1155.1,1139.9,0.16
2002-03-22,1148.7,1153.3,1156.5,1144.6,-0.42
2002-03-25,1131.9,1149.3,1151.0,1131.9,-1.46
2002-03-26,1138.5,1131.6,1147.0,1131.6,0.58
2002-03-27,1144.6,1137.5,1147.0,1135.3,0.54
2002-03-28,1147.4,1146.3,1154.5,1144.6,0.24
2002-04-01,1146.5,1146.0,1147.8,1132.9,-0.08
2002-04-02,1136.8,1143.0,1143.0,1135.7,-0.85
2002-04-03,1125.4,1137.5,1138.8,1119.7,-1.0
2002-04-04,1126.3,1125.0,1130.5,1120.1,0.08
2002-04-05,1122.7,1127.7,1133.3,1119.5,-0.32
2002-04-08,1125.3,1122.7,1125.4,1111.8,0.23
2002-04-09,1117.8,1125.5,1128.3,1116.7,-0.67
2002-04-10,1130.5,1119.1,1131.8,1118.4,1.14
2002-04-11,1103.7,1130.5,1130.5,1102.4,-2.37
2002-04-12,1111.0,1103.7,1112.8,1102.7,0.66
2002-04-15,1102.5,1111.0,1114.9,1099.4,-0.77
2002-04-16,1128.4,1102.5,1129.4,1102.5,2.35
2002-04-17,1126.1,1128.4,1132.9,1123.4,-0.2
2002-04-18,1124.5,1126.1,1130.5,1109.5,-0.14
2002-04-19,1125.2,1124.5,1128.8,1122.7,0.06
2002-04-22,1107.8,1125.2,1125.2,1105.6,-1.55
2002-04-23,1101.0,1107.8,1111.2,1098.9,-0.61
2002-04-24,1093.1,1101.0,1108.5,1092.5,-0.72
2002-04-25,1091.5,1093.1,1094.4,1084.8,-0.15
2002-04-26,1076.3,1091.5,1096.8,1076.3,-1.39
2002-04-29,1065.5,1076.3,1079.0,1063.6,-1.0
2002-04-30,1076.9,1065.5,1082.6,1063.5,1.07
2002-05-01,1086.5,1076.9,1088.3,1065.3,0.89
2002-05-02,1084.6,1086.5,1091.4,1079.5,-0.17
2002-05-03,1073.4,1084.6,1084.6,1068.9,-1.03
2002-05-06,1052.7,1073.4,1075.9,1052.7,-1.93
2002-05-07,1049.5,1052.7,1058.7,1049.0,-0.3
2002-05-08,1088.8,1049.5,1088.9,1049.5,3.74
2002-05-09,1073.0,1088.8,1088.8,1072.2,-1.45
2002-05-10,1055.0,1073.0,1075.4,1053.9,-1.68
2002-05-13,1074.6,1055.0,1074.8,1053.9,1.86
2002-05-14,1097.3,1074.6,1097.7,1074.6,2.11
2002-05-15,1091.1,1097.3,1104.2,1088.9,-0.57
2002-05-16,1098.2,1091.1,1099.3,1089.2,0.65
2002-05-17,1106.6,1098.2,1106.6,1096.8,0.76
2002-05-20,1091.9,1106.6,1106.6,1090.6,-1.33
2002-05-21,1079.9,1091.9,1099.5,1079.1,-1.1
2002-05-22,1086.0,1079.9,1086.0,1075.6,0.56
2002-05-23,1097.1,1086.0,1097.1,1080.5,1.02
2002-05-24,1083.8,1097.1,1097.1,1082.2,-1.21
2002-05-28,1074.5,1083.8,1086.0,1070.3,-0.86
2002-05-29,1067.7,1074.5,1074.8,1067.7,-0.63
2002-05-30,1064.7,1067.7,1069.5,1054.3,-0.28
2002-05-31,1067.1,1064.7,1079.9,1064.7,0.23
2002-06-03,1040.7,1067.1,1070.7,1039.9,-2.47
2002-06-04,1040.7,1040.7,1046.1,1030.5,0.0
2002-06-05,1049.9,1040.7,1050.1,1038.8,0.88
2002-06-06,1029.2,1049.9,1049.9,1026.9,-1.97
2002-06-07,1027.5,1029.2,1033.0,1012.5,-0.17
2002-06-10,1030.7,1027.5,1038.2,1025.5,0.31
2002-06-11,1013.6,1030.7,1039.0,1012.9,-1.66
2002-06-12,1020.3,1013.6,1021.9,1002.6,0.66
2002-06-13,1009.6,1020.3,1023.5,1008.1,-1.05
2002-06-14,1007.3,1009.6,1009.6,981.6,-0.23
2002-06-17,1036.2,1007.3,1036.2,1007.3,2.87
2002-06-18,1037.1,1036.2,1040.8,1030.9,0.09
2002-06-19,1020.0,1037.1,1037.6,1017.9,-1.65
2002-06-20,1006.3,1020.0,1023.3,1004.6,-1.34
2002-06-21,989.1,1006.3,1006.3,985.6,-1.71
2002-06-24,992.7,989.1,1002.1,970.9,0.36
2002-06-25,976.1,992.7,1005.9,974.2,-1.67
2002-06-26,973.5,976.1,977.4,952.9,-0.27
2002-06-27,990.6,973.5,990.7,963.7,1.76
2002-06-28,989.8,990.6,1001.8,988.3,-0.08
2002-07-01,968.6,989.8,994.5,967.4,-2.14
2002-07-02,948.1,968.6,968.6,945.5,-2.12
2002-07-03,954.0,948.1,954.3,934.9,0.62
2002-07-05,989.0,965.8,989.1,954.0,3.67
2002-07-08,977.0,989.0,993.6,972.9,-1.21
2002-07-09,952.8,977.0,979.6,951.7,-2.48
2002-07-10,920.5,952.8,956.3,920.3,-3.39
2002-07-11,927.4,920.5,929.2,900.9,0.75
2002-07-12,921.4,927.4,934.3,913.7,-0.65
2002-07-15,917.9,921.4,921.4,876.5,-0.38
2002-07-16,901.0,917.9,918.6,897.1,-1.84
2002-07-17,906.0,901.0,926.5,895.0,0.55
2002-07-18,881.6,906.0,907.8,880.6,-2.69
2002-07-19,847.8,864.1,881.6,842.1,-3.83
2002-07-22,819.9,847.8,854.1,813.3,-3.29
2002-07-23,797.7,819.9,827.7,796.1,-2.71
2002-07-24,843.4,797.7,844.3,775.7,5.73
2002-07-25,838.7,843.4,853.8,816.1,-0.56
2002-07-26,852.8,838.7,852.9,835.9,1.68
2002-07-29,899.0,852.8,899.0,852.8,5.42
2002-07-30,902.8,899.0,909.8,884.7,0.42
2002-07-31,911.6,902.8,911.6,889.9,0.97
2002-08-01,884.7,911.6,911.6,882.6,-2.95
2002-08-02,864.2,884.7,884.7,854.0,-2.32
2002-08-05,834.6,864.2,864.2,833.4,-3.43
2002-08-06,859.6,834.6,874.4,834.6,3.0
2002-08-07,876.8,859.6,878.7,854.1,2.0
2002-08-08,905.5,876.8,905.8,875.2,3.27
2002-08-09,908.6,905.5,914.0,890.8,0.34
2002-08-12,903.8,908.6,908.6,892.4,-0.53
2002-08-13,884.2,903.8,911.7,883.6,-2.17
2002-08-14,919.6,884.2,920.2,876.2,4.0
2002-08-15,930.2,919.6,933.3,918.2,1.15
2002-08-16,928.8,930.2,935.4,916.2,-0.15
2002-08-19,950.7,928.8,951.2,927.2,2.36
2002-08-20,937.4,950.7,950.7,931.9,-1.4
2002-08-21,949.4,937.4,951.6,931.3,1.28
2002-08-22,962.7,949.4,965.0,946.4,1.4
2002-08-23,940.9,962.7,962.7,937.2,-2.26
2002-08-26,948.0,940.9,950.8,930.4,0.75
2002-08-27,934.8,948.0,955.8,930.4,-1.39
2002-08-28,917.9,934.8,934.8,913.2,-1.81
2002-08-29,917.8,917.9,924.6,903.3,-0.01
2002-08-30,916.1,917.8,928.1,910.2,-0.19
2002-09-03,878.0,916.1,916.1,877.5,-4.16
2002-09-04,893.4,878.0,896.1,875.7,1.75
2002-09-05,879.1,893.4,893.4,870.5,-1.6
2002-09-06,893.9,879.1,899.1,879.1,1.68
2002-09-09,903.0,893.9,907.3,882.9,1.02
2002-09-10,909.6,903.0,909.9,900.5,0.73
2002-09-11,909.5,910.6,924.0,908.5,-0.01
2002-09-12,886.9,909.5,909.5,884.8,-2.48
2002-09-13,889.8,886.9,892.8,877.0,0.33
2002-09-16,891.1,889.8,891.8,878.9,0.15
2002-09-17,873.5,891.1,902.7,872.4,-1.98
2002-09-18,869.5,873.5,878.5,857.4,-0.46
2002-09-19,843.3,869.5,869.5,843.1,-3.01
2002-09-20,845.4,843.3,849.3,839.1,0.25
2002-09-23,833.7,845.4,845.4,825.8,-1.38
2002-09-24,819.3,833.7,833.7,817.4,-1.73
2002-09-25,839.7,819.3,844.2,818.5,2.49
2002-09-26,855.0,839.7,856.6,839.7,1.82
2002-09-27,827.4,855.0,855.0,826.8,-3.23
2002-09-30,815.3,827.4,827.4,800.2,-1.46
2002-10-01,847.9,815.3,847.9,812.8,4.0
2002-10-02,827.9,843.8,851.9,826.5,-2.36
2002-10-03,819.0,827.9,840.0,817.2,-1.08
2002-10-04,800.6,819.0,825.9,794.1,-2.25
2002-10-07,785.3,800.6,808.2,783.0,-1.91
2002-10-08,798.5,785.3,808.9,779.5,1.68
2002-10-09,776.8,798.5,798.5,775.8,-2.72
2002-10-10,803.9,776.8,806.5,768.6,3.49
2002-10-11,835.3,803.9,843.3,803.9,3.91
2002-10-14,841.4,835.3,844.4,828.4,0.73
2002-10-15,881.3,841.4,881.3,841.4,4.74
2002-10-16,860.0,881.3,881.3,856.3,-2.42
2002-10-17,879.2,860.0,885.4,860.0,2.23
2002-10-18,884.4,879.2,886.7,866.6,0.59
2002-10-21,899.7,884.4,900.7,873.1,1.73
2002-10-22,890.2,899.7,899.7,882.4,-1.06
2002-10-23,896.1,890.2,896.1,873.8,0.66
2002-10-24,882.5,896.1,902.9,879.0,-1.52
2002-10-25,897.6,882.5,897.7,877.0,1.71
2002-10-28,890.2,897.6,907.4,886.1,-0.82
2002-10-29,882.1,890.2,890.6,867.9,-0.91
2002-10-30,890.7,882.1,895.3,879.2,0.97
2002-10-31,885.8,890.7,898.8,879.8,-0.55
2002-11-01,901.0,885.8,903.4,877.7,1.72
2002-11-04,908.4,901.0,924.6,901.0,0.82
2002-11-05,915.4,908.4,915.8,904.9,0.77
2002-11-06,923.8,915.4,925.7,905.0,0.92
2002-11-07,902.6,923.8,923.8,898.7,-2.29
2002-11-08,894.7,902.6,910.1,891.6,-0.88
2002-11-11,876.2,894.7,894.7,874.6,-2.07
2002-11-12,883.0,876.2,894.3,876.2,0.78
2002-11-13,882.5,883.0,892.5,872.0,-0.06
2002-11-14,904.3,882.5,904.3,882.5,2.47
2002-11-15,909.8,904.3,910.2,895.4,0.61
2002-11-18,900.4,909.8,915.9,899.5,-1.03
2002-11-19,896.7,900.4,905.5,893.1,-0.41
2002-11-20,914.1,896.7,915.0,894.9,1.94
2002-11-21,933.8,914.1,935.1,914.1,2.16
2002-11-22,930.5,933.8,937.3,928.4,-0.35
2002-11-25,932.9,930.5,937.1,923.3,0.26
2002-11-26,913.3,932.9,932.9,912.1,-2.1
2002-11-27,938.9,913.3,940.4,913.3,2.8
2002-11-29,936.3,938.9,941.8,935.6,-0.28
2002-12-02,934.5,936.3,954.3,927.7,-0.19
2002-12-03,920.8,934.5,934.5,918.7,-1.47
2002-12-04,917.6,920.8,925.2,909.5,-0.35
2002-12-05,906.5,917.6,921.5,905.9,-1.21
2002-12-06,912.2,906.5,915.5,896.0,0.63
2002-12-09,892.0,912.2,912.2,892.0,-2.21
2002-12-10,904.5,892.0,905.0,892.0,1.4
2002-12-11,905.0,904.5,909.9,896.5,0.06
2002-12-12,901.6,905.0,908.4,897.0,-0.38
2002-12-13,889.5,901.6,901.6,888.5,-1.34
2002-12-16,910.4,889.5,910.4,889.5,2.35
2002-12-17,903.0,910.4,911.2,901.7,-0.81
2002-12-18,891.1,903.0,903.0,887.8,-1.32
2002-12-19,884.2,890.0,899.2,880.3,-0.77
2002-12-20,895.8,884.2,897.8,884.2,1.31
2002-12-23,897.4,895.7,902.4,892.3,0.18
2002-12-24,892.5,897.4,897.4,892.3,-0.55
2002-12-26,889.7,892.5,903.9,887.5,-0.31
2002-12-27,875.4,889.7,890.5,873.6,-1.61
2002-12-30,879.4,875.4,882.1,870.2,0.46
2002-12-31,879.8,879.4,881.9,869.5,0.05
2003-01-02,909.0,879.8,909.0,879.8,3.32
2003-01-03,908.6,909.0,911.2,903.1,-0.04
2003-01-06,929.0,908.6,931.8,908.6,2.25
2003-01-07,922.9,929.0,930.8,919.9,-0.66
2003-01-08,909.9,922.9,922.9,908.3,-1.41
2003-01-09,927.6,909.9,928.3,909.9,1.95
2003-01-10,927.6,927.6,932.9,917.7,0.0
2003-01-13,926.3,927.6,935.0,922.0,-0.14
2003-01-14,931.7,926.3,931.7,921.7,0.58
2003-01-15,918.2,931.7,932.6,916.7,-1.45
2003-01-16,914.6,918.2,926.0,912.0,-0.39
2003-01-17,901.8,914.6,914.6,899.0,-1.4
2003-01-21,887.6,901.8,906.0,887.6,-1.57
2003-01-22,878.4,887.6,889.7,877.6,-1.04
2003-01-23,887.3,878.4,890.2,876.9,1.01
2003-01-24,861.4,887.3,887.3,859.7,-2.92
2003-01-27,847.5,861.4,864.0,844.2,-1.61
2003-01-28,858.5,847.5,860.8,847.5,1.3
2003-01-29,864.4,858.5,868.7,845.9,0.69
2003-01-30,844.6,864.4,865.5,843.7,-2.29
2003-01-31,855.7,844.6,858.3,840.3,1.31
2003-02-03,860.3,855.7,864.6,855.7,0.54
2003-02-04,848.2,860.3,860.3,840.2,-1.41
2003-02-05,843.6,848.2,861.6,842.1,-0.54
2003-02-06,838.1,843.6,844.2,833.2,-0.65
2003-02-07,829.7,838.1,845.7,826.7,-1.0
2003-02-10,836.0,829.7,837.2,823.5,0.76
2003-02-11,829.2,836.0,843.0,825.1,-0.81
2003-02-12,818.7,829.2,832.1,818.5,-1.27
2003-02-13,817.4,818.7,821.2,806.3,-0.16
2003-02-14,834.9,817.4,834.9,815.0,2.14
2003-02-18,851.2,834.9,852.9,834.9,1.95
2003-02-19,845.1,851.2,851.2,838.8,-0.72
2003-02-20,837.1,845.1,849.4,836.6,-0.95
2003-02-21,848.2,837.1,852.3,831.5,1.33
2003-02-24,832.6,848.2,848.2,832.2,-1.84
2003-02-25,838.6,832.6,839.5,818.5,0.72
2003-02-26,827.5,838.6,840.1,826.7,-1.32
2003-02-27,837.3,827.5,842.2,827.5,1.18
2003-02-28,841.1,837.3,847.0,837.3,0.45
2003-03-03,834.8,841.1,852.3,832.7,-0.75
2003-03-04,822.0,834.8,835.4,822.0,-1.53
2003-03-05,829.9,822.0,829.9,819.0,0.96
2003-03-06,822.1,829.9,829.9,819.9,-0.94
2003-03-07,828.9,822.1,829.5,811.2,0.83
2003-03-10,807.5,828.9,828.9,806.6,-2.58
2003-03-11,800.7,807.5,814.2,800.3,-0.84
2003-03-12,804.2,800.7,804.2,788.9,0.44
2003-03-13,831.9,804.2,832.0,804.2,3.44
2003-03-14,833.3,831.9,841.4,828.3,0.17
2003-03-17,862.8,833.3,862.8,827.2,3.54
2003-03-18,866.5,862.8,866.9,857.4,0.43
2003-03-19,874.0,866.5,875.0,861.2,0.87
2003-03-20,875.7,874.0,879.6,859.0,0.19
2003-03-21,895.8,875.8,895.9,875.8,2.3
2003-03-24,864.2,895.8,895.8,862.0,-3.53
2003-03-25,874.7,864.2,879.9,862.6,1.21
2003-03-26,870.0,874.7,875.8,866.5,-0.54
2003-03-27,868.5,870.0,874.1,858.1,-0.17
2003-03-28,863.5,868.5,869.9,860.8,-0.58
2003-03-31,848.2,863.5,863.5,843.7,-1.77
2003-04-01,858.5,848.2,861.3,847.9,1.21
2003-04-02,880.9,858.5,884.6,858.5,2.61
2003-04-03,876.5,880.9,885.9,876.1,-0.5
2003-04-04,878.9,876.5,882.7,874.2,0.27
2003-04-07,879.9,878.9,904.9,878.9,0.11
2003-04-08,878.3,879.9,883.1,874.7,-0.18
2003-04-09,866.0,878.3,887.4,865.7,-1.4
2003-04-10,871.6,866.0,871.8,862.8,0.65
2003-04-11,868.3,871.6,883.3,865.9,-0.38
2003-04-14,885.2,868.3,885.3,868.3,1.95
2003-04-15,890.8,885.2,891.3,881.9,0.63
2003-04-16,879.9,890.8,896.8,877.9,-1.22
2003-04-17,893.6,879.9,893.8,879.2,1.56
2003-04-21,892.0,893.6,898.0,888.2,-0.18
2003-04-22,911.4,892.0,911.7,886.7,2.17
2003-04-23,919.0,911.4,919.7,909.9,0.83
2003-04-24,911.4,919.0,919.0,906.7,-0.83
2003-04-25,898.8,911.4,911.4,897.5,-1.38
2003-04-28,914.8,898.8,918.1,898.8,1.78
2003-04-29,917.8,914.8,924.2,911.1,0.33
2003-04-30,916.9,917.8,922.0,911.7,-0.1
2003-05-01,916.3,916.9,919.7,902.8,-0.07
2003-05-02,930.1,916.3,930.6,912.4,1.51
2003-05-05,926.5,930.1,933.9,924.5,-0.39
2003-05-06,934.4,926.5,939.6,926.4,0.85
2003-05-07,929.6,934.4,937.2,926.4,-0.51
2003-05-08,920.3,929.6,929.6,919.7,-1.0
2003-05-09,933.4,920.3,933.8,920.3,1.42
2003-05-12,945.1,933.4,946.8,929.3,1.25
2003-05-13,942.3,945.1,947.5,938.9,-0.3
2003-05-14,939.3,942.3,947.3,935.2,-0.32
2003-05-15,946.7,939.3,948.2,938.8,0.79
2003-05-16,944.3,943.6,948.6,938.6,-0.25
2003-05-19,920.8,944.3,944.3,920.2,-2.49
2003-05-20,919.7,920.8,925.3,912.0,-0.12
2003-05-21,923.4,919.7,923.9,914.9,0.4
2003-05-22,931.9,923.4,935.3,922.5,0.92
2003-05-23,933.2,931.9,935.2,927.4,0.14
2003-05-27,951.5,933.2,952.8,927.3,1.96
2003-05-28,953.2,951.5,959.4,950.1,0.18
2003-05-29,949.6,953.2,962.1,946.2,-0.38
2003-05-30,963.6,949.6,965.4,949.6,1.47
2003-06-02,967.0,963.6,979.1,963.6,0.35
2003-06-03,971.6,967.0,973.0,964.5,0.48
2003-06-04,986.2,971.6,987.9,970.7,1.5
2003-06-05,990.1,986.2,990.1,978.1,0.4
2003-06-06,987.8,990.1,1007.7,986.0,-0.23
2003-06-09,975.9,987.8,987.8,972.6,-1.2
2003-06-10,984.8,975.9,984.8,975.9,0.91
2003-06-11,997.5,984.8,997.5,981.6,1.29
2003-06-12,998.5,997.5,1002.7,991.3,0.1
2003-06-13,988.6,998.5,1000.9,984.3,-0.99
2003-06-16,1010.7,988.6,1010.9,988.6,2.24
2003-06-17,1011.7,1010.7,1015.3,1007.0,0.1
2003-06-18,1010.1,1011.7,1015.1,1004.6,-0.16
2003-06-19,994.7,1010.1,1011.2,993.1,-1.52
2003-06-20,995.7,994.7,1002.1,993.4,0.1
2003-06-23,981.6,995.7,995.7,977.4,-1.42
2003-06-24,983.5,981.6,987.8,979.1,0.19
2003-06-25,975.3,983.5,991.6,974.9,-0.83
2003-06-26,985.8,975.3,986.5,973.8,1.08
2003-06-27,976.2,985.8,988.9,974.3,-0.97
2003-06-30,974.5,976.2,983.6,973.6,-0.17
2003-07-01,982.3,974.5,983.3,962.1,0.8
2003-07-02,993.8,982.3,993.8,982.3,1.17
2003-07-03,985.7,993.8,995.0,983.3,-0.82
2003-07-07,1004.4,985.7,1005.6,985.7,1.9
2003-07-08,1007.8,1004.4,1008.9,998.7,0.34
2003-07-09,1002.2,1007.8,1010.4,998.2,-0.56
2003-07-10,988.7,1002.2,1002.2,983.6,-1.35
2003-07-11,998.1,988.7,1000.9,988.7,0.95
2003-07-14,1003.9,998.1,1015.4,998.1,0.58
2003-07-15,1000.4,1003.9,1009.6,996.7,-0.35
2003-07-16,994.0,1000.4,1003.5,989.3,-0.64
2003-07-17,981.7,994.0,994.0,978.6,-1.24
2003-07-18,993.3,981.7,994.2,981.7,1.18
2003-07-21,978.8,993.3,993.3,975.6,-1.46
2003-07-22,988.1,978.8,990.3,976.1,0.95
2003-07-23,988.6,988.1,989.9,979.8,0.05
2003-07-24,981.6,988.6,998.9,981.1,-0.71
2003-07-25,998.7,981.6,998.7,977.4,1.74
2003-07-28,996.5,998.7,1000.7,993.6,-0.22
2003-07-29,989.3,996.5,998.6,984.1,-0.72
2003-07-30,987.5,989.3,992.6,986.0,-0.18
2003-07-31,990.3,987.5,1004.6,987.5,0.28
2003-08-01,980.1,990.3,990.3,978.9,-1.03
2003-08-04,982.8,980.1,985.8,966.8,0.28
2003-08-05,965.5,982.8,982.8,965.0,-1.76
2003-08-06,967.1,965.5,975.7,960.8,0.17
2003-08-07,974.1,967.1,974.9,963.8,0.72
2003-08-08,977.6,974.1,980.6,973.8,0.36
2003-08-11,980.6,977.6,985.5,974.2,0.31
2003-08-12,990.4,980.6,990.4,979.9,1.0
2003-08-13,984.0,990.4,992.5,980.9,-0.65
2003-08-14,990.5,984.0,991.9,980.4,0.66
2003-08-15,990.7,988.0,992.4,987.1,0.02
2003-08-18,999.7,990.7,1000.4,990.7,0.91
2003-08-19,1002.4,999.7,1003.3,995.3,0.27
2003-08-20,1000.3,1002.4,1003.5,996.6,-0.21
2003-08-21,1003.3,1000.3,1009.5,999.3,0.3
2003-08-22,993.1,1003.3,1011.0,992.6,-1.02
2003-08-25,993.7,993.1,993.7,987.9,0.06
2003-08-26,996.7,993.7,997.9,983.6,0.3
2003-08-27,996.8,996.7,998.0,993.3,0.01
2003-08-28,1002.8,996.8,1004.1,991.4,0.6
2003-08-29,1008.0,1002.8,1008.9,999.5,0.52
2003-09-02,1022.0,1008.0,1022.6,1005.7,1.39
2003-09-03,1026.3,1022.0,1029.3,1022.0,0.42
2003-09-04,1028.0,1026.3,1029.2,1022.2,0.17
2003-09-05,1021.4,1028.0,1029.2,1018.2,-0.64
2003-09-08,1031.6,1021.4,1032.4,1021.4,1.0
2003-09-09,1023.2,1031.6,1031.6,1021.1,-0.81
2003-09-10,1010.9,1023.2,1023.2,1009.7,-1.2
2003-09-11,1016.4,1010.9,1020.9,1010.9,0.54
2003-09-12,1018.6,1016.4,1019.6,1007.7,0.22
2003-09-15,1014.8,1018.6,1019.8,1013.6,-0.37
2003-09-16,1029.3,1014.8,1029.7,1014.8,1.43
2003-09-17,1026.0,1029.3,1031.3,1024.5,-0.32
2003-09-18,1039.6,1026.0,1040.2,1025.8,1.33
2003-09-19,1036.3,1039.6,1040.3,1031.9,-0.32
2003-09-22,1022.8,1036.3,1036.3,1018.3,-1.3
2003-09-23,1029.0,1022.8,1030.1,1021.5,0.61
2003-09-24,1009.4,1029.0,1029.8,1008.9,-1.9
2003-09-25,1003.3,1009.4,1016.0,1003.3,-0.6
2003-09-26,996.9,1003.3,1003.5,996.1,-0.64
2003-09-29,1006.6,996.9,1006.9,995.3,0.97
2003-09-30,996.0,1006.6,1006.6,990.4,-1.05
2003-10-01,1018.2,996.0,1018.2,996.0,2.23
2003-10-02,1020.2,1018.2,1021.9,1013.4,0.2
2003-10-03,1029.8,1020.2,1039.3,1020.2,0.94
2003-10-06,1034.3,1029.8,1036.5,1029.2,0.44
2003-10-07,1039.2,1034.3,1039.2,1026.2,0.47
2003-10-08,1033.8,1039.2,1040.1,1031.0,-0.52
2003-10-09,1038.7,1033.8,1048.3,1033.8,0.47
2003-10-10,1038.1,1038.7,1040.8,1035.7,-0.06
2003-10-13,1045.3,1038.1,1048.9,1038.1,0.69
2003-10-14,1049.5,1045.3,1049.5,1040.8,0.4
2003-10-15,1046.8,1049.5,1053.8,1043.2,-0.26
2003-10-16,1050.1,1046.8,1052.9,1044.0,0.32
2003-10-17,1039.3,1050.1,1051.9,1036.6,-1.03
2003-10-20,1044.7,1039.3,1044.7,1036.1,0.52
2003-10-21,1046.0,1044.7,1048.6,1042.5,0.12
2003-10-22,1030.4,1046.0,1046.0,1028.4,-1.49
2003-10-23,1033.8,1030.4,1035.4,1025.9,0.33
2003-10-24,1028.9,1033.8,1033.8,1018.3,-0.47
2003-10-27,1031.1,1028.9,1037.8,1028.9,0.21
2003-10-28,1046.8,1031.1,1046.8,1031.1,1.52
2003-10-29,1048.1,1046.8,1049.8,1043.3,0.12
2003-10-30,1046.9,1048.1,1052.8,1043.8,-0.11
2003-10-31,1050.7,1046.9,1053.1,1046.9,0.36
2003-11-03,1059.0,1050.7,1061.4,1050.7,0.79
2003-11-04,1053.2,1059.0,1059.0,1051.7,-0.55
2003-11-05,1051.8,1053.2,1054.5,1044.9,-0.13
2003-11-06,1058.0,1051.8,1058.9,1046.9,0.59
2003-11-07,1053.2,1058.0,1062.4,1052.2,-0.45
2003-11-10,1047.1,1053.2,1053.7,1045.6,-0.58
2003-11-11,1046.6,1047.1,1048.2,1043.5,-0.05
2003-11-12,1058.6,1046.6,1059.1,1046.6,1.15
2003-11-13,1058.4,1058.6,1059.6,1053.0,-0.02
2003-11-14,1050.3,1058.4,1063.7,1048.1,-0.77
2003-11-17,1043.6,1050.3,1050.3,1035.3,-0.64
2003-11-18,1034.2,1043.6,1048.8,1034.0,-0.9
2003-11-19,1042.4,1034.2,1044.0,1034.2,0.79
2003-11-20,1033.7,1042.4,1046.5,1033.4,-0.83
2003-11-21,1035.3,1033.7,1037.6,1031.2,0.15
2003-11-24,1052.1,1035.3,1052.1,1035.3,1.62
2003-11-25,1053.9,1052.1,1058.0,1049.3,0.17
2003-11-26,1058.5,1053.9,1058.5,1048.3,0.44
2003-11-28,1058.2,1058.5,1060.6,1056.8,-0.03
2003-12-01,1070.1,1058.2,1070.5,1058.2,1.12
2003-12-02,1066.6,1070.1,1071.2,1065.2,-0.33
2003-12-03,1064.7,1066.6,1074.3,1064.6,-0.18
2003-12-04,1069.7,1064.7,1070.4,1063.2,0.47
2003-12-05,1061.5,1069.7,1069.7,1060.1,-0.77
2003-12-08,1069.3,1061.5,1069.6,1060.9,0.73
2003-12-09,1060.2,1069.3,1071.9,1059.2,-0.85
2003-12-10,1059.0,1060.2,1063.0,1053.4,-0.11
2003-12-11,1071.2,1059.0,1073.6,1059.0,1.15
2003-12-12,1074.1,1071.2,1074.8,1067.6,0.27
2003-12-15,1068.0,1074.1,1082.8,1068.0,-0.57
2003-12-16,1075.1,1068.0,1075.9,1068.0,0.66
2003-12-17,1076.5,1075.1,1076.5,1071.1,0.13
2003-12-18,1089.2,1076.5,1089.5,1076.5,1.18
2003-12-19,1088.7,1089.2,1091.1,1084.2,-0.05
2003-12-22,1092.9,1088.7,1092.9,1086.1,0.39
2003-12-23,1096.0,1092.9,1097.0,1091.7,0.28
2003-12-24,1094.0,1096.0,1096.4,1092.7,-0.18
2003-12-26,1095.9,1094.0,1098.5,1094.0,0.17
2003-12-29,1109.5,1095.9,1109.5,1095.9,1.24
2003-12-30,1109.6,1109.5,1109.8,1106.4,0.01
2003-12-31,1111.9,1109.6,1112.6,1106.2,0.21
2004-01-02,1108.5,1111.9,1118.8,1105.1,-0.31
2004-01-05,1122.2,1108.5,1122.2,1108.5,1.24
2004-01-06,1123.7,1122.2,1124.5,1118.4,0.13
2004-01-07,1126.3,1123.7,1126.3,1116.5,0.23
2004-01-08,1131.9,1126.3,1131.9,1124.9,0.5
2004-01-09,1121.9,1131.9,1131.9,1120.9,-0.88
2004-01-12,1127.2,1121.9,1127.8,1120.9,0.47
2004-01-13,1121.2,1127.2,1129.1,1115.2,-0.53
2004-01-14,1130.5,1121.2,1130.8,1121.2,0.83
2004-01-15,1132.0,1130.5,1137.1,1124.5,0.13
2004-01-16,1139.8,1132.0,1139.8,1132.0,0.69
2004-01-20,1138.8,1139.8,1142.9,1135.4,-0.09
2004-01-21,1147.6,1138.8,1149.2,1134.6,0.77
2004-01-22,1143.9,1147.6,1150.5,1143.0,-0.32
2004-01-23,1141.5,1143.9,1150.3,1136.8,-0.21
2004-01-26,1155.4,1141.5,1155.4,1141.0,1.22
2004-01-27,1144.0,1155.4,1155.4,1144.0,-0.99
2004-01-28,1128.5,1144.0,1149.1,1126.5,-1.35
2004-01-29,1134.1,1128.5,1134.4,1122.4,0.5
2004-01-30,1131.1,1134.1,1134.2,1127.7,-0.26
2004-02-02,1135.3,1131.1,1142.6,1127.9,0.37
2004-02-03,1136.0,1135.3,1137.4,1131.3,0.06
2004-02-04,1126.5,1136.0,1136.0,1124.7,-0.84
2004-02-05,1128.6,1126.5,1131.2,1124.4,0.19
2004-02-06,1142.8,1128.6,1142.8,1128.4,1.26
2004-02-09,1139.8,1142.8,1144.5,1139.2,-0.26
2004-02-10,1145.5,1139.8,1147.0,1138.7,0.5
2004-02-11,1157.8,1145.5,1158.9,1142.3,1.07
2004-02-12,1152.1,1157.8,1157.8,1151.4,-0.49
2004-02-13,1145.8,1152.1,1156.9,1143.2,-0.55
2004-02-17,1157.0,1145.8,1159.0,1145.8,0.98
2004-02-18,1151.8,1157.0,1157.4,1149.4,-0.45
2004-02-19,1147.1,1151.8,1158.6,1146.8,-0.41
2004-02-20,1144.1,1147.1,1149.8,1139.0,-0.26
2004-02-23,1141.0,1144.1,1146.7,1137.0,-0.27
2004-02-24,1139.1,1141.0,1144.5,1134.4,-0.17
2004-02-25,1143.7,1139.1,1145.2,1138.7,0.4
2004-02-26,1144.9,1143.7,1147.2,1138.6,0.1
2004-02-27,1144.9,1145.8,1151.7,1141.8,0.0
2004-03-01,1156.0,1144.9,1157.5,1144.9,0.97
2004-03-02,1149.1,1156.0,1156.5,1147.3,-0.6
2004-03-03,1151.0,1149.1,1152.4,1143.8,0.17
2004-03-04,1154.9,1151.0,1155.0,1149.8,0.34
2004-03-05,1156.9,1154.9,1163.2,1148.7,0.17
2004-03-08,1147.2,1156.9,1159.9,1147.0,-0.84
2004-03-09,1140.6,1147.2,1147.3,1136.8,-0.58
2004-03-10,1123.9,1140.6,1141.5,1122.5,-1.46
2004-03-11,1106.8,1123.9,1126.0,1105.9,-1.52
2004-03-12,1120.6,1106.8,1120.6,1106.8,1.25
2004-03-15,1104.5,1120.6,1120.6,1103.4,-1.44
2004-03-16,1110.7,1104.5,1113.8,1102.6,0.56
2004-03-17,1123.8,1110.7,1125.8,1110.7,1.18
2004-03-18,1122.3,1123.8,1125.5,1113.2,-0.13
2004-03-19,1109.8,1122.3,1122.7,1109.7,-1.11
2004-03-22,1095.4,1109.8,1109.8,1089.5,-1.3
2004-03-23,1094.0,1095.4,1101.5,1091.6,-0.13
2004-03-24,1091.3,1094.0,1098.4,1087.1,-0.25
2004-03-25,1109.2,1091.3,1110.4,1091.3,1.64
2004-03-26,1108.1,1109.2,1115.3,1106.1,-0.1
2004-03-29,1122.5,1108.1,1124.4,1108.1,1.3
2004-03-30,1127.0,1122.5,1127.6,1119.7,0.4
2004-03-31,1126.2,1127.0,1130.8,1121.5,-0.07
2004-04-01,1132.2,1126.2,1135.7,1126.2,0.53
2004-04-02,1141.8,1132.2,1144.8,1132.2,0.85
2004-04-05,1150.6,1141.8,1150.6,1141.6,0.77
2004-04-06,1148.2,1150.6,1150.6,1143.3,-0.21
2004-04-07,1140.5,1148.2,1148.2,1138.4,-0.67
2004-04-08,1139.3,1140.5,1149.0,1134.5,-0.11
2004-04-12,1145.2,1139.3,1147.3,1139.3,0.52
2004-04-13,1129.4,1145.2,1147.8,1127.7,-1.38
2004-04-14,1128.2,1129.4,1132.5,1122.2,-0.11
2004-04-15,1128.8,1128.2,1134.1,1120.8,0.05
2004-04-16,1134.6,1128.8,1136.8,1126.8,0.51
2004-04-19,1135.8,1134.6,1136.2,1129.8,0.11
2004-04-20,1118.2,1135.8,1139.3,1118.1,-1.55
2004-04-21,1124.1,1118.2,1125.7,1116.0,0.53
2004-04-22,1139.9,1124.1,1142.8,1121.9,1.41
2004-04-23,1140.6,1139.9,1141.9,1134.8,0.06
2004-04-26,1135.5,1140.6,1145.1,1132.9,-0.45
2004-04-27,1138.1,1135.5,1146.8,1135.5,0.23
2004-04-28,1122.4,1138.1,1138.1,1121.7,-1.38
2004-04-29,1113.9,1122.4,1128.8,1108.0,-0.76
2004-04-30,1107.3,1113.9,1119.3,1107.2,-0.59
2004-05-03,1117.5,1107.3,1118.7,1107.3,0.92
2004-05-04,1119.5,1117.5,1127.7,1112.9,0.18
2004-05-05,1121.5,1119.5,1125.1,1117.9,0.18
2004-05-06,1114.0,1121.5,1121.5,1106.3,-0.67
2004-05-07,1098.7,1114.0,1117.3,1098.6,-1.37
2004-05-10,1087.1,1098.7,1098.7,1079.6,-1.06
2004-05-11,1095.5,1087.1,1095.7,1087.1,0.77
2004-05-12,1097.3,1095.5,1097.5,1076.3,0.16
2004-05-13,1096.4,1097.3,1102.8,1091.8,-0.08
2004-05-14,1095.7,1096.4,1102.4,1088.2,-0.06
2004-05-17,1084.1,1095.7,1095.7,1079.4,-1.06
2004-05-18,1091.5,1084.1,1094.1,1084.1,0.68
2004-05-19,1088.7,1091.5,1105.9,1088.5,-0.26
2004-05-20,1089.2,1088.7,1092.6,1085.4,0.05
2004-05-21,1093.6,1089.2,1099.7,1089.2,0.4
2004-05-24,1095.4,1093.6,1101.7,1091.8,0.16
2004-05-25,1113.0,1095.4,1113.8,1090.7,1.61
2004-05-26,1114.9,1113.0,1116.7,1109.9,0.17
2004-05-27,1121.3,1114.9,1124.0,1114.9,0.57
2004-05-28,1120.7,1121.3,1122.7,1118.1,-0.05
2004-06-01,1121.2,1120.7,1122.7,1113.3,0.04
2004-06-02,1125.0,1121.2,1128.1,1118.6,0.34
2004-06-03,1116.6,1125.0,1125.3,1116.6,-0.75
2004-06-04,1122.5,1116.6,1129.2,1116.6,0.53
2004-06-07,1140.4,1122.5,1140.5,1122.5,1.59
2004-06-08,1142.2,1140.4,1142.2,1135.5,0.16
2004-06-09,1131.3,1142.2,1142.2,1131.2,-0.95
2004-06-10,1136.5,1131.3,1136.5,1131.3,0.46
2004-06-14,1125.3,1136.5,1136.5,1122.2,-0.99
2004-06-15,1132.0,1125.3,1137.4,1125.3,0.6
2004-06-16,1133.6,1132.0,1135.3,1130.5,0.14
2004-06-17,1132.0,1133.6,1133.6,1126.9,-0.14
2004-06-18,1135.0,1132.0,1139.1,1129.8,0.27
2004-06-21,1130.3,1135.0,1138.0,1129.6,-0.41
2004-06-22,1134.4,1130.3,1135.0,1124.4,0.36
2004-06-23,1144.1,1134.4,1145.2,1131.7,0.86
2004-06-24,1140.7,1144.1,1146.3,1139.9,-0.3
2004-06-25,1134.4,1140.7,1146.0,1134.2,-0.55
2004-06-28,1133.3,1134.4,1142.6,1131.6,-0.1
2004-06-29,1136.2,1133.3,1138.3,1131.8,0.26
2004-06-30,1140.8,1136.2,1144.2,1133.6,0.4
2004-07-01,1128.9,1140.8,1140.8,1123.1,-1.04
2004-07-02,1125.4,1128.9,1129.2,1123.3,-0.31
2004-07-06,1116.2,1125.4,1125.4,1113.2,-0.82
2004-07-07,1118.3,1116.2,1122.4,1114.9,0.19
2004-07-08,1109.1,1118.3,1119.1,1108.7,-0.82
2004-07-09,1112.8,1109.1,1115.6,1109.1,0.33
2004-07-12,1114.3,1112.8,1116.1,1106.7,0.13
2004-07-13,1115.1,1114.3,1116.3,1113.0,0.07
2004-07-14,1111.5,1115.1,1119.6,1107.8,-0.32
2004-07-15,1106.7,1111.5,1114.7,1106.6,-0.43
2004-07-16,1101.4,1106.7,1112.2,1101.1,-0.48
2004-07-19,1100.9,1101.4,1105.5,1096.5,-0.05
2004-07-20,1108.7,1100.9,1108.9,1099.1,0.71
2004-07-21,1093.9,1108.7,1116.3,1093.9,-1.33
2004-07-22,1096.8,1093.9,1099.7,1084.2,0.27
2004-07-23,1086.2,1096.8,1096.8,1083.5,-0.97
2004-07-26,1084.1,1086.2,1089.8,1078.8,-0.19
2004-07-27,1094.8,1084.1,1096.7,1084.1,0.99
2004-07-28,1095.4,1094.8,1098.8,1082.2,0.05
2004-07-29,1100.4,1095.4,1103.7,1095.4,0.46
2004-07-30,1101.7,1100.4,1103.7,1097.0,0.12
2004-08-02,1106.6,1101.7,1108.6,1097.3,0.44
2004-08-03,1099.7,1106.6,1106.6,1099.2,-0.62
2004-08-04,1098.6,1099.7,1102.5,1092.4,-0.1
2004-08-05,1080.7,1098.6,1098.8,1080.0,-1.63
2004-08-06,1064.0,1080.7,1080.7,1062.2,-1.55
2004-08-09,1065.2,1064.0,1069.5,1064.0,0.11
2004-08-10,1079.0,1065.2,1079.0,1065.2,1.3
2004-08-11,1075.8,1079.0,1079.0,1065.9,-0.3
2004-08-12,1063.2,1075.8,1075.8,1062.8,-1.17
2004-08-13,1064.8,1063.2,1067.6,1060.7,0.15
2004-08-16,1079.3,1064.8,1080.7,1064.8,1.36
2004-08-17,1081.7,1079.3,1087.0,1079.3,0.22
2004-08-18,1095.2,1081.7,1095.2,1078.9,1.25
2004-08-19,1091.2,1095.2,1095.2,1086.3,-0.37
2004-08-20,1098.3,1091.2,1100.3,1089.6,0.65
2004-08-23,1095.7,1098.3,1101.4,1094.7,-0.24
2004-08-24,1096.2,1095.7,1100.9,1092.8,0.05
2004-08-25,1105.0,1096.2,1106.3,1093.2,0.8
2004-08-26,1105.1,1105.0,1106.8,1102.4,0.01
2004-08-27,1107.8,1105.1,1109.7,1104.6,0.24
2004-08-30,1099.2,1107.8,1107.8,1099.2,-0.78
2004-08-31,1104.2,1099.2,1104.2,1094.7,0.45
2004-09-01,1105.9,1104.2,1109.2,1099.1,0.15
2004-09-02,1118.3,1105.9,1119.1,1105.6,1.12
2004-09-03,1113.6,1118.3,1120.8,1113.6,-0.42
2004-09-07,1121.3,1113.6,1124.1,1113.6,0.69
2004-09-08,1116.3,1121.3,1123.0,1116.3,-0.45
2004-09-09,1118.4,1116.3,1121.3,1113.6,0.19
2004-09-10,1123.9,1118.4,1125.3,1114.4,0.49
2004-09-13,1125.8,1123.9,1129.8,1123.3,0.17
2004-09-14,1128.3,1125.8,1129.5,1124.7,0.22
2004-09-15,1120.4,1128.3,1128.3,1119.7,-0.7
2004-09-16,1123.5,1120.4,1126.1,1120.4,0.28
2004-09-17,1128.5,1123.5,1130.5,1123.5,0.45
2004-09-20,1122.2,1128.5,1128.5,1120.3,-0.56
2004-09-21,1129.3,1122.2,1131.5,1122.2,0.63
2004-09-22,1113.6,1129.3,1129.3,1112.7,-1.39
2004-09-23,1108.4,1113.6,1113.6,1108.0,-0.47
2004-09-24,1110.1,1108.4,1113.8,1108.4,0.15
2004-09-27,1103.5,1110.1,1110.1,1103.2,-0.59
2004-09-28,1110.1,1103.5,1111.8,1101.3,0.6
2004-09-29,1114.8,1110.1,1114.8,1107.4,0.42
2004-09-30,1114.6,1114.8,1116.3,1109.6,-0.02
2004-10-01,1131.5,1114.6,1131.6,1114.6,1.52
2004-10-04,1135.2,1131.5,1140.2,1131.5,0.33
2004-10-05,1134.5,1135.2,1137.9,1132.0,-0.06
2004-10-06,1142.0,1134.5,1142.0,1132.9,0.66
2004-10-07,1130.7,1142.0,1142.0,1130.5,-0.99
2004-10-08,1122.1,1130.7,1132.9,1120.2,-0.76
2004-10-11,1124.4,1122.1,1126.2,1122.1,0.2
2004-10-12,1121.8,1124.4,1124.4,1115.8,-0.23
2004-10-13,1113.7,1121.8,1127.0,1109.6,-0.72
2004-10-14,1103.3,1113.7,1115.0,1102.1,-0.93
2004-10-15,1108.2,1103.3,1113.2,1102.1,0.44
2004-10-18,1114.0,1108.2,1114.5,1103.3,0.52
2004-10-19,1103.2,1114.0,1118.0,1103.2,-0.97
2004-10-20,1103.7,1103.2,1104.1,1094.2,0.05
2004-10-21,1106.5,1103.7,1109.0,1098.5,0.25
2004-10-22,1095.7,1106.5,1108.3,1095.3,-0.98
2004-10-25,1094.8,1095.7,1096.8,1090.2,-0.08
2004-10-26,1111.1,1094.8,1111.1,1094.8,1.49
2004-10-27,1125.4,1111.1,1126.3,1107.4,1.29
2004-10-28,1127.4,1125.3,1130.7,1120.6,0.18
2004-10-29,1130.2,1127.4,1131.4,1124.6,0.25
2004-11-01,1130.5,1130.2,1133.4,1127.5,0.03
2004-11-02,1130.5,1130.5,1140.5,1128.1,0.0
2004-11-03,1143.2,1130.5,1147.6,1130.5,1.12
2004-11-04,1161.7,1143.2,1161.7,1142.3,1.62
2004-11-05,1166.2,1161.7,1170.9,1160.4,0.39
2004-11-08,1164.9,1166.2,1166.9,1162.3,-0.11
2004-11-09,1164.1,1164.9,1169.0,1162.5,-0.07
2004-11-10,1162.9,1164.1,1169.3,1162.5,-0.1
2004-11-11,1173.5,1162.9,1174.8,1162.9,0.91
2004-11-12,1184.2,1173.5,1184.2,1171.4,0.91
2004-11-15,1183.8,1184.2,1184.5,1179.8,-0.03
2004-11-16,1175.4,1183.8,1183.8,1175.3,-0.71
2004-11-17,1181.9,1175.4,1188.5,1175.4,0.55
2004-11-18,1183.5,1181.9,1184.9,1180.1,0.14
2004-11-19,1170.3,1183.5,1184.0,1169.2,-1.12
2004-11-22,1177.2,1170.3,1178.2,1167.9,0.59
2004-11-23,1176.9,1177.2,1179.5,1171.4,-0.03
2004-11-24,1181.8,1176.9,1182.5,1176.9,0.42
2004-11-26,1182.7,1181.8,1186.6,1181.1,0.08
2004-11-29,1178.6,1182.7,1186.9,1172.4,-0.35
2004-11-30,1173.8,1178.6,1178.7,1173.8,-0.41
2004-12-01,1191.4,1173.8,1191.4,1173.8,1.5
2004-12-02,1190.3,1191.4,1194.8,1186.7,-0.09
2004-12-03,1191.2,1190.3,1197.5,1187.7,0.08
2004-12-06,1190.2,1191.2,1192.4,1185.2,-0.08
2004-12-07,1177.1,1190.2,1192.2,1177.1,-1.1
2004-12-08,1182.8,1177.1,1184.0,1176.8,0.48
2004-12-09,1189.2,1182.8,1190.5,1173.8,0.54
2004-12-10,1188.0,1189.2,1191.5,1185.2,-0.1
2004-12-13,1198.7,1188.0,1198.8,1188.0,0.9
2004-12-14,1203.4,1198.7,1205.3,1197.8,0.39
2004-12-15,1205.7,1203.4,1206.6,1199.4,0.19
2004-12-16,1203.2,1205.7,1208.0,1198.4,-0.21
2004-12-17,1194.2,1203.2,1203.2,1193.4,-0.75
2004-12-20,1194.7,1194.2,1203.6,1193.4,0.04
2004-12-21,1205.5,1194.7,1205.9,1194.7,0.9
2004-12-22,1209.6,1205.5,1211.4,1203.8,0.34
2004-12-23,1210.1,1209.6,1213.7,1208.7,0.04
2004-12-27,1204.9,1210.1,1214.2,1204.9,-0.43
2004-12-28,1213.5,1204.9,1213.5,1204.9,0.71
2004-12-29,1213.5,1213.5,1214.0,1211.0,0.0
2004-12-30,1213.5,1213.5,1216.5,1213.4,0.0
2004-12-31,1211.9,1213.5,1217.3,1211.7,-0.13
2005-01-03,1202.1,1211.9,1217.9,1200.3,-0.81
2005-01-04,1188.0,1202.1,1205.8,1185.4,-1.17
2005-01-05,1183.7,1188.0,1192.8,1183.7,-0.36
2005-01-06,1187.9,1183.7,1191.6,1183.2,0.35
2005-01-07,1186.2,1187.9,1192.2,1182.1,-0.14
2005-01-10,1190.2,1186.2,1194.8,1184.8,0.34
2005-01-11,1183.0,1190.2,1190.2,1180.4,-0.6
2005-01-12,1187.7,1183.0,1188.0,1175.6,0.4
2005-01-13,1177.5,1187.7,1187.7,1175.6,-0.86
2005-01-14,1184.5,1177.5,1185.2,1177.5,0.59
2005-01-18,1196.0,1184.5,1196.0,1180.1,0.97
2005-01-19,1184.6,1196.0,1196.0,1184.4,-0.95
2005-01-20,1175.4,1184.6,1184.6,1173.4,-0.78
2005-01-21,1167.9,1175.4,1179.5,1167.8,-0.64
2005-01-24,1163.8,1167.9,1173.2,1163.8,-0.35
2005-01-25,1168.4,1163.8,1174.3,1163.8,0.4
2005-01-26,1174.1,1168.4,1176.0,1168.4,0.49
2005-01-27,1174.5,1174.1,1177.5,1170.2,0.03
2005-01-28,1171.4,1174.5,1175.6,1166.3,-0.26
2005-01-31,1181.3,1171.4,1182.1,1171.4,0.85
2005-02-01,1189.4,1181.3,1190.4,1181.0,0.69
2005-02-02,1193.2,1189.4,1195.2,1188.9,0.32
2005-02-03,1189.9,1193.2,1193.2,1185.6,-0.28
2005-02-04,1203.0,1189.9,1203.5,1189.7,1.1
2005-02-07,1201.7,1203.0,1204.2,1199.3,-0.11
2005-02-08,1202.3,1201.7,1205.1,1200.2,0.05
2005-02-09,1192.0,1202.3,1203.8,1191.5,-0.86
2005-02-10,1197.0,1192.0,1198.8,1191.5,0.42
2005-02-11,1205.3,1197.0,1208.4,1193.3,0.69
2005-02-14,1206.1,1205.3,1206.9,1203.6,0.07
2005-02-15,1210.1,1206.1,1212.4,1205.5,0.33
2005-02-16,1210.3,1210.1,1212.4,1205.1,0.02
2005-02-17,1200.8,1210.3,1211.3,1200.7,-0.78
2005-02-18,1201.6,1200.8,1202.9,1197.3,0.07
2005-02-22,1184.2,1201.6,1202.5,1184.2,-1.45
2005-02-23,1190.8,1184.2,1193.5,1184.2,0.56
2005-02-24,1200.2,1190.8,1200.4,1187.8,0.79
2005-02-25,1211.4,1200.2,1212.2,1199.6,0.93
2005-02-28,1203.6,1211.4,1211.4,1198.1,-0.64
2005-03-01,1210.4,1203.6,1212.2,1203.6,0.56
2005-03-02,1210.1,1210.4,1215.8,1204.2,-0.02
2005-03-03,1210.5,1210.1,1215.7,1204.5,0.03
2005-03-04,1222.1,1210.5,1224.8,1210.5,0.96
2005-03-07,1225.3,1222.1,1229.1,1222.1,0.26
2005-03-08,1219.4,1225.3,1225.7,1218.6,-0.48
2005-03-09,1207.0,1219.4,1219.4,1206.7,-1.02
2005-03-10,1209.2,1207.0,1211.2,1201.4,0.18
2005-03-11,1200.1,1209.2,1213.0,1198.2,-0.75
2005-03-14,1206.8,1200.1,1206.8,1199.5,0.56
2005-03-15,1197.8,1206.8,1210.5,1197.8,-0.75
2005-03-16,1188.1,1197.8,1197.8,1185.6,-0.81
2005-03-17,1190.2,1188.1,1193.3,1186.3,0.18
2005-03-18,1189.7,1190.2,1192.0,1182.8,-0.04
2005-03-21,1183.8,1189.7,1189.7,1178.8,-0.5
2005-03-22,1171.7,1183.8,1189.6,1171.6,-1.02
2005-03-23,1172.5,1171.7,1176.3,1168.7,0.07
2005-03-24,1171.4,1172.5,1180.1,1171.4,-0.09
2005-03-28,1174.3,1171.4,1179.9,1171.4,0.25
2005-03-29,1165.4,1174.3,1179.4,1163.7,-0.76
2005-03-30,1181.4,1165.4,1181.5,1165.4,1.37
2005-03-31,1180.6,1181.4,1184.5,1179.5,-0.07
2005-04-01,1172.9,1180.6,1189.8,1169.9,-0.65
2005-04-04,1176.1,1172.8,1178.6,1167.7,0.27
2005-04-05,1181.4,1176.1,1183.6,1176.1,0.45
2005-04-06,1184.1,1181.4,1189.3,1181.4,0.23
2005-04-07,1191.1,1184.1,1191.9,1183.8,0.59
2005-04-08,1181.2,1191.1,1191.8,1181.1,-0.83
2005-04-11,1181.2,1181.2,1184.1,1178.7,0.0
2005-04-12,1187.8,1181.2,1190.2,1170.8,0.56
2005-04-13,1173.8,1187.8,1187.8,1171.4,-1.18
2005-04-14,1162.0,1173.8,1174.7,1161.7,-1.01
2005-04-15,1142.6,1162.0,1162.0,1141.9,-1.67
2005-04-18,1146.0,1142.6,1148.9,1139.8,0.3
2005-04-19,1152.8,1146.0,1154.7,1146.0,0.59
2005-04-20,1137.5,1152.8,1155.5,1136.2,-1.33
2005-04-21,1160.0,1137.5,1160.0,1137.5,1.98
2005-04-22,1152.1,1160.0,1160.0,1143.0,-0.68
2005-04-25,1162.1,1152.1,1164.0,1152.1,0.87
2005-04-26,1151.7,1162.1,1164.8,1151.7,-0.89
2005-04-27,1156.4,1151.7,1159.9,1144.4,0.41
2005-04-28,1143.2,1156.4,1156.4,1143.2,-1.14
2005-04-29,1156.8,1143.2,1157.0,1139.2,1.19
2005-05-02,1162.2,1156.8,1162.9,1154.7,0.47
2005-05-03,1161.2,1162.2,1166.9,1156.7,-0.09
2005-05-04,1175.7,1161.2,1176.0,1161.2,1.25
2005-05-05,1172.6,1175.7,1178.6,1166.8,-0.26
2005-05-06,1171.3,1172.6,1177.8,1170.5,-0.11
2005-05-09,1178.8,1171.3,1178.9,1169.4,0.64
2005-05-10,1166.2,1178.8,1178.8,1163.0,-1.07
2005-05-11,1171.1,1166.2,1171.8,1157.7,0.42
2005-05-12,1159.4,1171.1,1173.4,1157.8,-1.0
2005-05-13,1154.0,1159.4,1163.8,1146.2,-0.47
2005-05-16,1165.7,1154.0,1165.8,1153.6,1.01
2005-05-17,1173.8,1165.7,1174.3,1159.9,0.69
2005-05-18,1185.6,1173.8,1187.9,1173.8,1.01
2005-05-19,1191.1,1185.6,1191.1,1184.5,0.46
2005-05-20,1189.3,1191.1,1191.2,1185.2,-0.15
2005-05-23,1193.9,1189.3,1197.4,1188.8,0.39
2005-05-24,1194.1,1193.9,1195.3,1189.9,0.02
2005-05-25,1190.0,1194.1,1194.1,1186.0,-0.34
2005-05-26,1197.6,1190.0,1199.0,1190.0,0.64
2005-05-27,1198.8,1197.6,1199.6,1195.3,0.1
2005-05-31,1191.5,1198.8,1198.8,1191.5,-0.61
2005-06-01,1202.3,1191.5,1205.6,1191.0,0.91
2005-06-02,1204.3,1202.3,1204.7,1198.4,0.17
2005-06-03,1196.0,1204.3,1205.1,1194.5,-0.69
2005-06-06,1197.5,1196.0,1198.8,1192.8,0.13
2005-06-07,1197.3,1197.5,1208.8,1197.3,-0.02
2005-06-08,1194.7,1197.3,1202.0,1193.3,-0.22
2005-06-09,1200.9,1194.7,1201.9,1191.1,0.52
2005-06-10,1198.1,1200.9,1202.8,1192.6,-0.23
2005-06-13,1200.8,1198.1,1206.0,1194.5,0.23
2005-06-14,1203.9,1200.8,1207.5,1200.2,0.26
2005-06-15,1206.6,1203.9,1208.1,1198.7,0.22
2005-06-16,1211.0,1206.5,1212.1,1205.5,0.36
2005-06-17,1217.0,1210.9,1219.5,1210.9,0.5
2005-06-20,1216.1,1217.0,1219.1,1210.7,-0.07
2005-06-21,1213.6,1216.1,1217.1,1211.9,-0.21
2005-06-22,1213.9,1213.6,1219.6,1211.7,0.02
2005-06-23,1200.7,1213.9,1216.5,1200.7,-1.09
2005-06-24,1191.6,1200.7,1200.9,1191.5,-0.76
2005-06-27,1190.7,1191.6,1194.3,1188.3,-0.08
2005-06-28,1201.6,1190.7,1202.5,1190.7,0.92
2005-06-29,1199.8,1201.6,1204.1,1198.7,-0.15
2005-06-30,1191.3,1199.8,1203.3,1190.5,-0.71
2005-07-01,1194.4,1191.3,1197.9,1191.3,0.26
2005-07-05,1205.0,1194.4,1206.3,1192.5,0.89
2005-07-06,1194.9,1205.0,1206.1,1194.8,-0.84
2005-07-07,1197.9,1194.9,1198.5,1183.5,0.25
2005-07-08,1211.9,1197.9,1212.7,1197.2,1.17
2005-07-11,1219.4,1211.9,1220.0,1211.9,0.62
2005-07-12,1222.2,1219.4,1225.5,1216.6,0.23
2005-07-13,1223.3,1222.2,1224.5,1219.6,0.09
2005-07-14,1226.5,1223.3,1233.2,1223.3,0.26
2005-07-15,1227.9,1226.5,1229.5,1223.5,0.11
2005-07-18,1221.1,1227.9,1227.9,1221.1,-0.55
2005-07-19,1229.3,1221.1,1230.3,1221.1,0.67
2005-07-20,1235.2,1229.3,1236.6,1222.9,0.48
2005-07-21,1227.0,1235.2,1235.8,1224.7,-0.66
2005-07-22,1233.7,1227.0,1234.2,1226.2,0.55
2005-07-25,1229.0,1233.7,1238.4,1228.2,-0.38
2005-07-26,1231.2,1229.0,1234.4,1229.0,0.18
2005-07-27,1236.8,1231.2,1237.6,1230.2,0.45
2005-07-28,1243.7,1236.8,1245.2,1235.8,0.56
2005-07-29,1234.2,1243.7,1245.0,1234.2,-0.76
2005-08-01,1235.3,1234.2,1239.1,1233.8,0.09
2005-08-02,1244.1,1235.3,1244.7,1235.3,0.71
2005-08-03,1245.0,1244.1,1245.9,1240.6,0.07
2005-08-04,1235.9,1245.0,1245.0,1235.2,-0.73
2005-08-05,1226.4,1235.9,1235.9,1225.6,-0.77
2005-08-08,1223.1,1226.4,1232.3,1222.7,-0.27
2005-08-09,1231.4,1223.1,1234.1,1223.1,0.68
2005-08-10,1229.1,1231.4,1242.7,1226.6,-0.19
2005-08-11,1237.8,1229.1,1237.8,1228.3,0.71
2005-08-12,1230.4,1237.8,1237.8,1225.9,-0.6
2005-08-15,1233.9,1230.4,1236.2,1226.2,0.28
2005-08-16,1219.3,1233.9,1233.9,1219.0,-1.18
2005-08-17,1220.2,1219.3,1225.6,1218.1,0.07
2005-08-18,1219.0,1220.2,1222.6,1215.9,-0.1
2005-08-19,1219.7,1219.0,1225.1,1219.0,0.06
2005-08-22,1221.7,1219.7,1229.0,1216.5,0.16
2005-08-23,1217.6,1221.7,1223.0,1214.4,-0.34
2005-08-24,1209.6,1217.6,1224.2,1209.4,-0.66
2005-08-25,1212.4,1209.6,1213.7,1209.6,0.23
2005-08-26,1205.1,1212.4,1212.4,1204.2,-0.6
2005-08-29,1212.3,1205.1,1214.3,1201.5,0.6
2005-08-30,1208.4,1212.3,1212.3,1201.1,-0.32
2005-08-31,1220.3,1208.4,1220.4,1204.4,0.98
2005-09-01,1221.6,1220.3,1227.3,1216.2,0.11
2005-09-02,1218.0,1221.6,1224.5,1217.8,-0.29
2005-09-06,1233.4,1218.0,1233.6,1218.0,1.26
2005-09-07,1236.4,1233.4,1237.1,1230.9,0.24
2005-09-08,1231.7,1236.4,1236.4,1229.5,-0.38
2005-09-09,1241.5,1231.7,1243.1,1231.7,0.8
2005-09-12,1240.6,1241.5,1242.6,1239.2,-0.07
2005-09-13,1231.2,1240.6,1240.6,1231.2,-0.76
2005-09-14,1227.2,1231.2,1234.7,1226.2,-0.32
2005-09-15,1227.7,1227.2,1231.9,1224.8,0.04
2005-09-16,1237.9,1228.4,1238.0,1228.4,0.83
2005-09-19,1231.0,1237.9,1237.9,1227.7,-0.56
2005-09-20,1221.3,1231.0,1236.5,1220.1,-0.79
2005-09-21,1210.2,1221.3,1221.5,1209.9,-0.91
2005-09-22,1214.6,1210.2,1216.6,1205.3,0.36
2005-09-23,1215.3,1214.6,1218.8,1209.8,0.06
2005-09-26,1215.6,1215.3,1222.6,1211.8,0.02
2005-09-27,1215.7,1215.6,1220.2,1211.1,0.01
2005-09-28,1216.9,1215.7,1221.0,1212.7,0.1
2005-09-29,1227.7,1216.9,1228.7,1211.5,0.89
2005-09-30,1228.8,1227.7,1229.6,1225.2,0.09
2005-10-03,1226.7,1228.8,1233.3,1225.2,-0.17
2005-10-04,1214.5,1226.7,1229.9,1214.0,-0.99
2005-10-05,1196.4,1214.5,1214.5,1196.2,-1.49
2005-10-06,1191.5,1196.4,1202.1,1181.9,-0.41
2005-10-07,1195.9,1191.5,1199.7,1191.5,0.37
2005-10-10,1187.3,1195.9,1196.5,1186.1,-0.72
2005-10-11,1184.9,1187.3,1193.1,1183.2,-0.2
2005-10-12,1177.7,1184.9,1190.0,1173.7,-0.61
2005-10-13,1176.8,1177.7,1179.6,1168.2,-0.08
2005-10-14,1186.6,1176.8,1187.1,1175.4,0.83
2005-10-17,1190.1,1186.6,1191.2,1184.5,0.29
2005-10-18,1178.1,1190.1,1190.1,1178.1,-1.01
2005-10-19,1195.8,1178.1,1195.8,1170.5,1.5
2005-10-20,1177.8,1195.8,1197.3,1173.3,-1.51
2005-10-21,1179.6,1177.8,1186.5,1174.9,0.15
2005-10-24,1199.4,1179.6,1199.4,1179.6,1.68
2005-10-25,1196.5,1199.4,1201.3,1189.3,-0.24
2005-10-26,1191.4,1196.5,1204.0,1191.4,-0.43
2005-10-27,1178.9,1191.4,1192.7,1178.9,-1.05
2005-10-28,1198.4,1178.9,1198.4,1178.9,1.65
2005-10-31,1207.0,1198.4,1211.4,1198.4,0.72
2005-11-01,1202.8,1207.0,1207.3,1201.7,-0.35
2005-11-02,1214.8,1202.8,1215.2,1201.1,1.0
2005-11-03,1219.9,1214.8,1224.7,1214.8,0.42
2005-11-04,1220.1,1219.9,1222.5,1214.5,0.02
2005-11-07,1222.8,1220.1,1224.2,1217.3,0.22
2005-11-08,1218.6,1222.8,1222.8,1216.1,-0.34
2005-11-09,1220.7,1218.6,1226.6,1216.5,0.17
2005-11-10,1231.0,1220.7,1232.4,1215.0,0.84
2005-11-11,1234.7,1231.0,1235.7,1230.7,0.3
2005-11-14,1233.8,1234.7,1237.2,1231.8,-0.07
2005-11-15,1229.0,1233.8,1237.9,1226.4,-0.39
2005-11-16,1231.2,1229.0,1232.2,1227.2,0.18
2005-11-17,1242.8,1231.2,1243.0,1231.2,0.94
2005-11-18,1248.3,1242.8,1249.6,1240.7,0.44
2005-11-21,1254.8,1248.3,1255.9,1246.9,0.52
2005-11-22,1261.2,1254.8,1261.9,1251.4,0.51
2005-11-23,1265.6,1261.2,1270.6,1259.5,0.35
2005-11-25,1268.2,1265.6,1268.8,1265.5,0.21
2005-11-28,1257.5,1268.2,1268.4,1257.2,-0.84
2005-11-29,1257.5,1257.5,1266.2,1257.5,0.0
2005-11-30,1249.5,1257.5,1260.9,1249.4,-0.64
2005-12-01,1264.7,1249.5,1266.2,1249.5,1.22
2005-12-02,1265.1,1264.7,1266.8,1261.4,0.03
2005-12-05,1262.1,1265.1,1265.1,1258.1,-0.24
2005-12-06,1263.7,1262.1,1272.9,1262.1,0.13
2005-12-07,1257.4,1263.7,1264.8,1253.0,-0.5
2005-12-08,1255.8,1257.4,1263.4,1250.9,-0.13
2005-12-09,1259.4,1255.8,1263.1,1254.2,0.29
2005-12-12,1260.4,1259.4,1263.9,1255.5,0.08
2005-12-13,1267.4,1260.4,1272.1,1258.6,0.56
2005-12-14,1272.7,1267.4,1275.8,1267.1,0.42
2005-12-15,1270.9,1272.7,1275.2,1267.7,-0.14
2005-12-16,1267.3,1270.9,1275.2,1267.3,-0.28
2005-12-19,1259.9,1267.3,1270.5,1259.3,-0.58
2005-12-20,1259.6,1259.9,1263.9,1257.2,-0.02
2005-12-21,1262.8,1259.6,1269.4,1259.6,0.25
2005-12-22,1268.1,1262.8,1268.2,1262.5,0.42
2005-12-23,1268.7,1268.1,1269.8,1265.9,0.05
2005-12-27,1256.5,1268.7,1271.8,1256.5,-0.96
2005-12-28,1258.2,1256.5,1261.1,1256.5,0.14
2005-12-29,1254.4,1258.2,1260.6,1254.2,-0.3
2005-12-30,1248.3,1254.4,1254.4,1246.6,-0.49
2006-01-03,1268.8,1248.3,1270.2,1245.7,1.64
2006-01-04,1273.5,1268.8,1275.4,1267.7,0.37
2006-01-05,1273.5,1273.5,1276.9,1270.3,0.0
2006-01-06,1285.5,1273.5,1286.1,1273.5,0.94
2006-01-09,1290.2,1285.5,1290.8,1284.8,0.37
2006-01-10,1289.7,1290.2,1290.2,1283.8,-0.04
2006-01-11,1294.2,1289.7,1294.9,1288.1,0.35
2006-01-12,1286.1,1294.2,1294.2,1285.0,-0.63
2006-01-13,1287.6,1286.1,1289.0,1282.8,0.12
2006-01-17,1282.9,1287.6,1287.6,1278.6,-0.37
2006-01-18,1277.9,1282.9,1282.9,1272.1,-0.39
2006-01-19,1285.0,1277.9,1287.8,1277.9,0.56
2006-01-20,1261.5,1285.0,1285.0,1260.9,-1.83
2006-01-23,1263.8,1261.5,1268.2,1261.5,0.18
2006-01-24,1266.9,1263.8,1271.5,1263.8,0.25
2006-01-25,1264.7,1266.9,1271.9,1259.4,-0.17
2006-01-26,1273.8,1264.7,1276.4,1264.7,0.72
2006-01-27,1283.7,1273.8,1286.4,1273.8,0.78
2006-01-30,1285.2,1283.7,1287.9,1283.5,0.12
2006-01-31,1280.1,1285.2,1285.2,1276.8,-0.4
2006-02-01,1282.5,1280.1,1283.3,1277.6,0.19
2006-02-02,1270.8,1282.5,1282.5,1267.7,-0.91
2006-02-03,1264.0,1270.8,1270.9,1261.0,-0.54
2006-02-06,1265.0,1264.0,1267.0,1261.6,0.08
2006-02-07,1254.8,1265.0,1265.8,1253.6,-0.81
2006-02-08,1265.7,1254.8,1266.5,1254.8,0.87
2006-02-09,1263.8,1265.7,1274.6,1262.8,-0.15
2006-02-10,1267.0,1263.8,1269.9,1255.0,0.25
2006-02-13,1262.9,1267.0,1267.0,1258.3,-0.32
2006-02-14,1275.5,1262.9,1278.2,1260.8,1.0
2006-02-15,1280.0,1275.5,1281.0,1271.1,0.35
2006-02-16,1289.4,1280.0,1289.4,1280.0,0.73
2006-02-17,1287.2,1289.4,1289.5,1284.1,-0.17
2006-02-21,1283.0,1287.2,1291.9,1281.3,-0.33
2006-02-22,1292.7,1283.0,1294.2,1283.0,0.76
2006-02-23,1287.8,1292.7,1293.8,1285.1,-0.38
2006-02-24,1289.4,1287.8,1292.1,1285.6,0.12
2006-02-27,1294.1,1289.4,1297.6,1289.4,0.36
2006-02-28,1280.7,1294.1,1294.1,1278.7,-1.04
2006-03-01,1291.2,1280.7,1291.8,1280.7,0.82
2006-03-02,1289.1,1291.2,1291.2,1283.2,-0.16
2006-03-03,1287.2,1289.1,1297.3,1284.2,-0.15
2006-03-06,1278.3,1287.2,1288.2,1275.7,-0.69
2006-03-07,1275.9,1278.3,1278.3,1271.1,-0.19
2006-03-08,1278.5,1275.9,1280.3,1268.4,0.2
2006-03-09,1272.2,1278.5,1282.7,1272.2,-0.49
2006-03-10,1281.6,1272.2,1284.4,1271.1,0.74
2006-03-13,1284.1,1281.6,1287.4,1281.6,0.2
2006-03-14,1297.5,1284.1,1298.1,1282.7,1.04
2006-03-15,1303.0,1297.5,1304.4,1295.0,0.42
2006-03-16,1305.3,1303.0,1310.5,1303.0,0.18
2006-03-17,1307.2,1305.3,1309.8,1305.3,0.15
2006-03-20,1305.1,1307.2,1310.0,1303.6,-0.16
2006-03-21,1297.2,1305.1,1310.9,1295.8,-0.61
2006-03-22,1305.0,1297.2,1306.0,1295.8,0.6
2006-03-23,1301.7,1305.0,1305.0,1298.1,-0.25
2006-03-24,1303.0,1301.7,1306.5,1298.9,0.1
2006-03-27,1301.6,1303.0,1303.7,1299.1,-0.11
2006-03-28,1293.2,1301.6,1306.2,1291.8,-0.65
2006-03-29,1302.9,1293.2,1305.6,1293.2,0.75
2006-03-30,1300.2,1302.9,1310.2,1296.7,-0.21
2006-03-31,1294.8,1300.2,1303.0,1294.8,-0.42
2006-04-03,1297.8,1302.9,1309.2,1296.7,0.23
2006-04-04,1305.9,1297.8,1307.5,1294.7,0.62
2006-04-05,1311.6,1305.9,1312.8,1304.8,0.44
2006-04-06,1309.0,1311.6,1312.0,1302.4,-0.2
2006-04-07,1295.5,1309.0,1314.1,1294.2,-1.03
2006-04-10,1296.6,1295.5,1300.7,1293.2,0.08
2006-04-11,1286.6,1296.6,1300.7,1283.0,-0.77
2006-04-12,1288.1,1286.6,1290.9,1286.5,0.12
2006-04-13,1289.1,1288.1,1292.1,1283.4,0.08
2006-04-17,1285.3,1289.1,1292.5,1280.7,-0.29
2006-04-18,1307.7,1285.3,1309.0,1285.3,1.74
2006-04-19,1309.9,1307.7,1310.4,1302.8,0.17
2006-04-20,1311.5,1309.9,1318.2,1306.4,0.12
2006-04-21,1311.3,1311.5,1317.7,1306.6,-0.02
2006-04-24,1308.1,1311.3,1311.3,1303.8,-0.24
2006-04-25,1301.7,1308.1,1310.8,1299.2,-0.49
2006-04-26,1305.4,1301.7,1311.0,1301.7,0.28
2006-04-27,1309.7,1305.4,1315.0,1295.6,0.33
2006-04-28,1310.6,1309.7,1316.0,1306.2,0.07
2006-05-01,1305.2,1310.6,1317.2,1303.5,-0.41
2006-05-02,1313.2,1305.2,1313.7,1305.2,0.61
2006-05-03,1307.8,1313.2,1313.5,1303.9,-0.41
2006-05-04,1312.2,1307.8,1315.1,1307.8,0.34
2006-05-05,1325.8,1312.2,1326.5,1312.2,1.04
2006-05-08,1324.7,1325.8,1326.7,1322.9,-0.08
2006-05-09,1325.1,1324.7,1326.6,1322.5,0.03
2006-05-10,1322.8,1324.6,1325.5,1317.4,-0.17
2006-05-11,1305.9,1322.6,1322.6,1303.5,-1.28
2006-05-12,1291.2,1305.9,1305.9,1290.4,-1.13
2006-05-15,1294.5,1291.2,1294.8,1284.5,0.26
2006-05-16,1292.1,1294.5,1297.9,1288.5,-0.19
2006-05-17,1270.3,1291.7,1291.7,1267.3,-1.69
2006-05-18,1261.8,1270.2,1274.9,1261.8,-0.67
2006-05-19,1267.0,1261.8,1272.2,1256.3,0.41
2006-05-22,1262.1,1267.0,1268.8,1253.0,-0.39
2006-05-23,1256.6,1262.1,1273.7,1256.2,-0.44
2006-05-24,1258.6,1256.6,1264.5,1245.3,0.16
2006-05-25,1272.9,1258.4,1273.3,1258.4,1.14
2006-05-26,1280.2,1272.7,1280.5,1272.5,0.57
2006-05-30,1259.8,1280.0,1280.0,1259.8,-1.59
2006-05-31,1270.1,1259.4,1270.1,1259.4,0.82
2006-06-01,1285.7,1270.0,1285.7,1269.2,1.23
2006-06-02,1288.2,1285.7,1290.7,1280.2,0.19
2006-06-05,1265.3,1288.2,1288.2,1264.7,-1.78
2006-06-06,1263.8,1265.2,1269.9,1254.5,-0.12
2006-06-07,1256.2,1263.6,1272.5,1255.8,-0.6
2006-06-08,1257.9,1256.1,1259.8,1235.2,0.14
2006-06-09,1252.3,1257.9,1262.6,1250.0,-0.45
2006-06-12,1236.4,1252.3,1255.2,1236.2,-1.27
2006-06-13,1223.7,1236.1,1243.4,1222.5,-1.03
2006-06-14,1230.0,1223.7,1231.5,1219.3,0.51
2006-06-15,1256.2,1230.0,1258.6,1230.0,2.13
2006-06-16,1251.5,1256.2,1256.3,1246.3,-0.37
2006-06-19,1240.1,1251.5,1255.9,1237.2,-0.91
2006-06-20,1240.1,1240.1,1249.0,1238.9,0.0
2006-06-21,1252.2,1240.1,1258.0,1240.1,0.98
2006-06-22,1245.6,1251.9,1251.9,1241.5,-0.53
2006-06-23,1244.5,1245.6,1253.1,1241.4,-0.09
2006-06-26,1250.6,1244.5,1250.9,1243.7,0.49
2006-06-27,1239.2,1250.5,1253.4,1238.9,-0.91
2006-06-28,1246.0,1239.0,1247.1,1237.6,0.55
2006-06-29,1272.9,1245.9,1272.9,1245.9,2.16
2006-06-30,1270.2,1272.9,1276.3,1270.2,-0.21
2006-07-03,1280.2,1270.1,1280.4,1270.1,0.79
2006-07-05,1270.9,1280.0,1280.0,1265.9,-0.73
2006-07-06,1274.1,1270.6,1278.3,1270.6,0.25
2006-07-07,1265.5,1274.1,1275.4,1263.1,-0.67
2006-07-10,1267.3,1265.5,1274.1,1264.5,0.14
2006-07-11,1272.5,1267.3,1273.6,1259.7,0.41
2006-07-12,1258.6,1272.4,1273.3,1257.3,-1.09
2006-07-13,1242.3,1258.6,1258.6,1241.4,-1.3
2006-07-14,1236.2,1242.3,1242.7,1228.5,-0.49
2006-07-17,1234.5,1236.2,1240.1,1231.5,-0.14
2006-07-18,1236.9,1234.5,1239.9,1224.5,0.19
2006-07-19,1259.8,1236.7,1261.8,1236.7,1.85
2006-07-20,1249.1,1259.8,1262.6,1249.1,-0.85
2006-07-21,1240.3,1249.1,1251.0,1238.7,-0.7
2006-07-24,1260.9,1240.2,1262.5,1240.2,1.66
2006-07-25,1268.9,1260.9,1272.4,1257.2,0.63
2006-07-26,1268.4,1268.9,1273.9,1261.9,-0.04
2006-07-27,1263.2,1268.2,1275.8,1261.9,-0.41
2006-07-28,1278.5,1263.2,1280.4,1263.2,1.21
2006-07-31,1276.7,1278.5,1278.7,1274.3,-0.14
2006-08-01,1270.9,1278.5,1278.7,1265.7,-0.45
2006-08-02,1278.5,1270.7,1283.4,1270.7,0.6
2006-08-03,1280.3,1278.2,1284.0,1271.2,0.14
2006-08-04,1279.4,1280.3,1292.9,1273.8,-0.07
2006-08-07,1275.8,1279.3,1279.3,1273.0,-0.28
2006-08-08,1271.5,1275.7,1282.8,1268.4,-0.34
2006-08-09,1266.0,1271.1,1283.7,1264.7,-0.43
2006-08-10,1271.8,1265.7,1272.5,1261.3,0.46
2006-08-11,1266.7,1271.6,1271.6,1262.1,-0.4
2006-08-14,1268.2,1266.7,1278.9,1266.7,0.12
2006-08-15,1285.6,1268.2,1286.2,1268.2,1.37
2006-08-16,1295.4,1285.3,1296.2,1285.3,0.76
2006-08-17,1297.5,1295.4,1300.8,1292.7,0.16
2006-08-18,1302.3,1297.5,1302.3,1293.6,0.37
2006-08-21,1297.5,1302.3,1302.3,1295.5,-0.37
2006-08-22,1298.8,1297.5,1302.5,1294.4,0.1
2006-08-23,1293.0,1298.7,1301.5,1289.5,-0.45
2006-08-24,1296.1,1293.0,1297.2,1291.4,0.24
2006-08-25,1295.1,1295.9,1298.9,1292.4,-0.08
2006-08-28,1301.8,1295.1,1305.0,1294.0,0.52
2006-08-29,1304.3,1301.6,1305.0,1295.3,0.19
2006-08-30,1304.3,1303.7,1306.7,1302.2,0.0
2006-08-31,1303.8,1304.2,1306.1,1302.5,-0.04
2006-09-01,1311.0,1303.8,1312.0,1303.8,0.55
2006-09-05,1313.2,1310.9,1314.7,1308.8,0.17
2006-09-06,1300.3,1313.0,1313.0,1299.3,-0.98
2006-09-07,1294.0,1300.2,1301.2,1292.1,-0.48
2006-09-08,1298.9,1294.0,1300.1,1294.0,0.38
2006-09-11,1299.5,1298.9,1302.4,1290.9,0.05
2006-09-12,1313.1,1299.5,1314.3,1299.5,1.05
2006-09-13,1318.1,1312.7,1319.9,1311.1,0.38
2006-09-14,1316.3,1318.0,1318.0,1313.2,-0.14
2006-09-15,1319.9,1316.3,1324.7,1316.3,0.27
2006-09-18,1321.2,1319.8,1324.9,1318.2,0.1
2006-09-19,1318.3,1321.2,1322.0,1312.2,-0.22
2006-09-20,1325.2,1318.3,1328.5,1318.3,0.52
2006-09-21,1318.0,1324.9,1328.2,1315.5,-0.54
2006-09-22,1314.8,1318.0,1318.0,1310.9,-0.24
2006-09-25,1326.4,1314.8,1329.3,1311.6,0.88
2006-09-26,1336.3,1326.3,1336.6,1325.3,0.75
2006-09-27,1336.6,1336.1,1340.1,1333.5,0.02
2006-09-28,1339.2,1336.6,1340.3,1333.8,0.19
2006-09-29,1335.8,1339.2,1339.9,1335.6,-0.25
2006-10-02,1331.3,1335.8,1338.5,1330.3,-0.34
2006-10-03,1334.1,1331.3,1338.3,1327.1,0.21
2006-10-04,1350.2,1333.8,1350.2,1331.5,1.21
2006-10-05,1353.2,1349.8,1353.8,1347.8,0.22
2006-10-06,1349.6,1353.2,1353.2,1344.2,-0.27
2006-10-09,1350.7,1349.6,1352.7,1346.5,0.08
2006-10-10,1353.4,1350.6,1354.2,1348.6,0.2
2006-10-11,1350.0,1353.3,1354.0,1343.6,-0.25
2006-10-12,1362.8,1349.9,1363.8,1349.9,0.95
2006-10-13,1365.6,1362.8,1366.6,1360.5,0.21
2006-10-16,1369.0,1365.6,1370.2,1364.5,0.25
2006-10-17,1364.0,1369.0,1369.0,1356.9,-0.37
2006-10-18,1366.0,1363.9,1372.9,1361.0,0.15
2006-10-19,1367.0,1366.0,1368.1,1362.1,0.07
2006-10-20,1368.6,1366.9,1368.7,1362.1,0.12
2006-10-23,1377.0,1368.6,1377.4,1363.9,0.61
2006-10-24,1377.4,1377.0,1377.8,1372.4,0.03
2006-10-25,1382.2,1377.4,1383.6,1376.0,0.35
2006-10-26,1389.1,1382.2,1389.5,1379.5,0.5
2006-10-27,1377.3,1388.9,1388.9,1375.8,-0.85
2006-10-30,1377.9,1377.3,1381.2,1373.5,0.04
2006-10-31,1377.9,1377.9,1381.2,1372.2,0.0
2006-11-01,1367.8,1377.8,1382.0,1366.3,-0.73
2006-11-02,1367.3,1367.4,1368.4,1362.2,-0.04
2006-11-03,1364.3,1367.3,1371.7,1361.0,-0.22
2006-11-06,1379.8,1364.3,1381.4,1364.3,1.14
2006-11-07,1382.8,1379.8,1388.2,1379.2,0.22
2006-11-08,1385.7,1382.5,1388.6,1376.3,0.21
2006-11-09,1378.3,1385.4,1388.9,1377.3,-0.53
2006-11-10,1380.9,1378.3,1381.0,1375.6,0.19
2006-11-13,1384.4,1380.6,1387.6,1378.8,0.25
2006-11-14,1393.2,1384.4,1394.5,1379.1,0.64
2006-11-15,1396.6,1392.9,1401.3,1392.1,0.24
2006-11-16,1399.8,1396.5,1403.8,1396.5,0.23
2006-11-17,1401.2,1399.8,1401.2,1394.5,0.1
2006-11-20,1400.5,1401.2,1404.4,1397.8,-0.05
2006-11-21,1402.8,1400.4,1403.5,1400.0,0.16
2006-11-22,1406.1,1402.7,1407.9,1402.3,0.24
2006-11-24,1401.0,1405.9,1405.9,1399.2,-0.36
2006-11-27,1381.9,1401.0,1401.0,1381.4,-1.36
2006-11-28,1386.7,1381.6,1387.9,1377.8,0.35
2006-11-29,1399.5,1386.1,1401.1,1386.1,0.92
2006-11-30,1400.6,1399.5,1406.3,1393.8,0.08
2006-12-01,1396.7,1400.6,1402.5,1385.9,-0.28
2006-12-04,1409.1,1396.7,1411.2,1396.7,0.89
2006-12-05,1414.8,1409.1,1415.3,1408.8,0.4
2006-12-06,1412.9,1414.4,1415.9,1411.0,-0.13
2006-12-07,1407.3,1412.9,1418.3,1406.8,-0.4
2006-12-08,1409.8,1407.3,1414.1,1403.7,0.18
2006-12-11,1413.0,1409.8,1415.6,1408.6,0.23
2006-12-12,1411.6,1413.0,1413.8,1404.8,-0.1
2006-12-13,1413.2,1411.3,1416.6,1411.0,0.11
2006-12-14,1425.5,1413.2,1427.2,1413.2,0.87
2006-12-15,1427.1,1425.5,1431.6,1425.5,0.11
2006-12-18,1422.5,1427.1,1431.8,1420.7,-0.32
2006-12-19,1425.5,1422.4,1428.3,1414.9,0.21
2006-12-20,1423.5,1425.5,1429.0,1423.5,-0.14
2006-12-21,1418.3,1423.2,1426.4,1415.9,-0.37
2006-12-22,1410.8,1418.1,1418.8,1410.3,-0.53
2006-12-26,1416.9,1410.8,1417.9,1410.5,0.43
2006-12-27,1426.8,1416.6,1427.7,1416.6,0.7
2006-12-28,1424.7,1426.8,1427.3,1422.0,-0.15
2006-12-29,1418.3,1424.7,1427.0,1416.7,-0.45
2007-01-03,1416.6,1418.0,1429.4,1407.9,-0.12
2007-01-04,1418.3,1416.6,1421.8,1408.2,0.12
2007-01-05,1409.7,1418.3,1418.3,1405.8,-0.61
2007-01-08,1412.8,1409.3,1415.0,1404.0,0.22
2007-01-09,1412.1,1412.8,1415.6,1405.4,-0.05
2007-01-10,1414.8,1411.9,1416.0,1404.3,0.19
2007-01-11,1423.8,1414.8,1427.1,1414.8,0.64
2007-01-12,1430.7,1423.8,1431.2,1422.6,0.48
2007-01-16,1431.9,1430.7,1433.9,1428.6,0.08
2007-01-17,1430.6,1431.8,1435.3,1428.6,-0.09
2007-01-18,1426.4,1430.6,1433.3,1424.2,-0.29
2007-01-19,1430.5,1426.3,1431.6,1425.2,0.29
2007-01-22,1423.0,1430.5,1431.4,1420.4,-0.52
2007-01-23,1428.0,1423.0,1431.3,1421.7,0.35
2007-01-24,1440.1,1428.0,1440.1,1428.0,0.85
2007-01-25,1423.9,1440.1,1440.7,1422.3,-1.12
2007-01-26,1422.2,1423.9,1427.3,1417.0,-0.12
2007-01-29,1420.6,1422.0,1426.9,1418.5,-0.11
2007-01-30,1428.8,1420.6,1428.8,1420.6,0.58
2007-01-31,1438.2,1428.7,1441.6,1424.8,0.66
2007-02-01,1445.9,1437.9,1446.6,1437.9,0.54
2007-02-02,1448.4,1445.9,1449.3,1444.5,0.17
2007-02-05,1447.0,1448.3,1449.4,1443.8,-0.1
2007-02-06,1448.0,1447.0,1450.2,1443.4,0.07
2007-02-07,1450.0,1447.4,1453.0,1446.4,0.14
2007-02-08,1448.3,1450.0,1450.5,1442.8,-0.12
2007-02-09,1438.1,1448.2,1452.5,1433.4,-0.7
2007-02-12,1433.4,1438.0,1439.1,1431.4,-0.33
2007-02-13,1444.3,1433.2,1444.4,1433.2,0.76
2007-02-14,1455.3,1443.9,1457.7,1443.9,0.76
2007-02-15,1456.8,1455.2,1458.0,1453.2,0.1
2007-02-16,1455.5,1456.8,1456.8,1451.6,-0.09
2007-02-20,1459.7,1455.5,1460.5,1449.2,0.29
2007-02-21,1457.6,1459.6,1459.6,1452.0,-0.14
2007-02-22,1456.4,1457.3,1461.6,1450.5,-0.08
2007-02-23,1451.2,1456.2,1456.2,1448.4,-0.36
2007-02-26,1449.4,1451.0,1457.0,1445.5,-0.12
2007-02-27,1399.0,1449.2,1449.2,1389.4,-3.48
2007-02-28,1406.8,1398.6,1415.9,1396.7,0.56
2007-03-01,1403.2,1406.8,1409.5,1380.9,-0.26
2007-03-02,1387.2,1403.2,1403.4,1386.9,-1.14
2007-03-05,1374.1,1387.1,1391.9,1374.0,-0.94
2007-03-06,1395.4,1374.1,1397.9,1374.1,1.55
2007-03-07,1392.0,1395.0,1401.2,1390.6,-0.24
2007-03-08,1401.9,1391.9,1407.9,1391.9,0.71
2007-03-09,1402.8,1401.9,1410.2,1397.3,0.06
2007-03-12,1406.6,1402.8,1409.3,1398.4,0.27
2007-03-13,1378.0,1406.2,1406.2,1377.7,-2.03
2007-03-14,1387.2,1377.9,1388.1,1364.0,0.67
2007-03-15,1392.3,1387.1,1395.7,1385.2,0.37
2007-03-16,1387.0,1392.3,1397.5,1383.6,-0.38
2007-03-19,1402.1,1387.0,1403.2,1387.0,1.09
2007-03-20,1410.9,1402.0,1411.5,1400.7,0.63
2007-03-21,1435.0,1410.9,1437.8,1409.8,1.71
2007-03-22,1434.5,1435.0,1437.7,1429.9,-0.03
2007-03-23,1436.1,1434.5,1438.9,1433.2,0.11
2007-03-26,1437.5,1436.1,1437.7,1423.3,0.1
2007-03-27,1428.6,1437.5,1437.5,1425.5,-0.62
2007-03-28,1417.2,1428.3,1428.3,1414.1,-0.8
2007-03-29,1422.5,1417.2,1426.2,1413.3,0.37
2007-03-30,1420.9,1422.5,1429.2,1408.9,-0.11
2007-04-02,1424.5,1420.8,1425.5,1416.4,0.25
2007-04-03,1437.8,1424.3,1440.6,1424.3,0.93
2007-04-04,1439.4,1437.8,1440.2,1435.1,0.11
2007-04-05,1443.8,1438.9,1444.9,1436.7,0.31
2007-04-09,1444.6,1443.8,1448.1,1443.3,0.06
2007-04-10,1448.4,1444.6,1448.7,1444.0,0.26
2007-04-11,1438.9,1448.2,1448.4,1436.2,-0.66
2007-04-12,1447.8,1438.9,1448.0,1433.9,0.62
2007-04-13,1452.8,1447.8,1453.1,1444.2,0.35
2007-04-16,1468.5,1452.8,1468.6,1452.8,1.08
2007-04-17,1471.5,1468.5,1474.3,1467.2,0.2
2007-04-18,1472.5,1471.5,1476.6,1466.4,0.07
2007-04-19,1470.7,1472.5,1474.2,1464.5,-0.12
2007-04-20,1484.3,1470.7,1484.7,1470.7,0.92
2007-04-23,1480.9,1484.3,1487.3,1480.2,-0.23
2007-04-24,1480.4,1480.9,1483.8,1473.7,-0.03
2007-04-25,1495.4,1480.3,1496.6,1480.3,1.01
2007-04-26,1494.2,1495.3,1498.0,1491.2,-0.08
2007-04-27,1494.1,1494.2,1497.3,1488.7,-0.01
2007-04-30,1482.4,1494.1,1497.2,1482.3,-0.78
2007-05-01,1486.3,1482.4,1487.3,1476.7,0.26
2007-05-02,1495.9,1486.1,1499.1,1486.1,0.65
2007-05-03,1502.4,1495.6,1503.3,1495.6,0.43
2007-05-04,1505.6,1502.3,1510.3,1501.8,0.21
2007-05-07,1509.5,1505.6,1511.0,1505.5,0.26
2007-05-08,1507.7,1509.4,1509.4,1500.7,-0.12
2007-05-09,1512.6,1507.3,1513.8,1503.8,0.32
2007-05-10,1491.5,1512.3,1512.3,1491.4,-1.39
2007-05-11,1505.8,1491.5,1506.2,1491.5,0.96
2007-05-14,1503.2,1505.8,1510.9,1498.3,-0.17
2007-05-15,1501.2,1503.1,1514.8,1500.4,-0.13
2007-05-16,1514.1,1500.8,1514.2,1500.8,0.86
2007-05-17,1512.8,1514.0,1517.1,1509.3,-0.09
2007-05-18,1522.8,1512.7,1522.8,1512.7,0.66
2007-05-21,1525.1,1522.8,1529.9,1522.7,0.15
2007-05-22,1524.1,1525.1,1529.2,1522.0,-0.07
2007-05-23,1522.3,1524.1,1532.4,1521.9,-0.12
2007-05-24,1507.5,1522.1,1529.3,1505.2,-0.97
2007-05-25,1515.7,1507.5,1517.4,1507.5,0.54
2007-05-29,1518.1,1515.5,1521.8,1512.0,0.16
2007-05-30,1530.2,1517.6,1530.2,1510.1,0.8
2007-05-31,1530.6,1530.2,1535.6,1528.3,0.03
2007-06-01,1536.3,1530.6,1540.6,1530.6,0.37
2007-06-04,1539.2,1536.3,1540.5,1532.3,0.19
2007-06-05,1531.0,1539.1,1539.1,1525.6,-0.53
2007-06-06,1517.4,1530.6,1530.6,1514.1,-0.89
2007-06-07,1490.7,1517.4,1517.4,1490.4,-1.76
2007-06-08,1507.7,1490.7,1507.8,1487.4,1.14
2007-06-11,1509.1,1507.6,1515.5,1503.3,0.09
2007-06-12,1493.0,1509.1,1511.3,1493.0,-1.07
2007-06-13,1515.7,1492.7,1515.7,1492.7,1.52
2007-06-14,1523.0,1515.6,1526.5,1515.6,0.48
2007-06-15,1532.9,1525.5,1538.7,1525.5,0.65
2007-06-18,1531.0,1532.9,1535.4,1529.3,-0.12
2007-06-19,1533.7,1531.0,1535.8,1525.7,0.18
2007-06-20,1512.8,1533.7,1537.3,1512.4,-1.36
2007-06-21,1522.2,1512.5,1522.9,1504.8,0.62
2007-06-22,1502.6,1522.2,1522.2,1500.7,-1.29
2007-06-25,1497.7,1502.6,1514.3,1492.7,-0.33
2007-06-26,1492.9,1497.7,1506.1,1490.5,-0.32
2007-06-27,1506.3,1492.6,1506.8,1484.2,0.9
2007-06-28,1505.7,1506.3,1514.8,1503.4,-0.04
2007-06-29,1503.3,1505.7,1517.5,1493.6,-0.16
2007-07-02,1519.4,1504.7,1519.5,1504.7,1.07
2007-07-03,1524.9,1519.1,1526.0,1519.1,0.36
2007-07-05,1525.4,1524.9,1526.6,1517.7,0.03
2007-07-06,1530.4,1525.0,1532.4,1520.5,0.33
2007-07-09,1531.8,1530.4,1534.3,1527.5,0.09
2007-07-10,1510.1,1531.8,1531.8,1510.0,-1.42
2007-07-11,1518.8,1509.9,1519.3,1506.1,0.58
2007-07-12,1547.7,1518.7,1547.9,1518.7,1.9
2007-07-13,1552.5,1547.7,1555.1,1544.8,0.31
2007-07-16,1549.5,1552.5,1555.9,1546.7,-0.19
2007-07-17,1549.4,1549.5,1555.3,1547.7,-0.01
2007-07-18,1546.2,1549.2,1549.2,1533.7,-0.21
2007-07-19,1553.1,1546.1,1555.2,1546.1,0.45
2007-07-20,1534.1,1553.2,1553.2,1529.2,-1.22
2007-07-23,1541.6,1534.1,1547.2,1534.1,0.49
2007-07-24,1511.0,1541.6,1541.6,1508.6,-1.98
2007-07-25,1518.1,1511.0,1524.3,1503.7,0.47
2007-07-26,1482.7,1518.1,1518.1,1465.3,-2.33
2007-07-27,1459.0,1482.4,1488.5,1459.0,-1.6
2007-07-30,1473.9,1458.9,1477.9,1454.3,1.02
2007-07-31,1455.3,1473.9,1488.3,1454.2,-1.26
2007-08-01,1465.8,1455.2,1468.4,1439.6,0.72
2007-08-02,1472.2,1465.5,1476.4,1460.6,0.44
2007-08-03,1433.1,1472.2,1473.2,1432.8,-2.66
2007-08-06,1467.7,1433.0,1467.7,1427.4,2.41
2007-08-07,1476.7,1467.6,1488.3,1455.8,0.61
2007-08-08,1497.5,1476.2,1503.9,1476.2,1.41
2007-08-09,1453.1,1497.2,1497.2,1453.1,-2.96
2007-08-10,1453.6,1453.1,1462.0,1429.7,0.03
2007-08-13,1452.9,1453.4,1466.3,1451.5,-0.05
2007-08-14,1426.5,1452.9,1456.7,1426.2,-1.82
2007-08-15,1406.7,1426.2,1440.8,1404.4,-1.39
2007-08-16,1411.3,1406.6,1416.0,1370.6,0.33
2007-08-17,1445.9,1411.3,1450.3,1411.3,2.45
2007-08-20,1445.5,1445.9,1451.8,1430.5,-0.03
2007-08-21,1447.1,1445.5,1455.3,1439.8,0.11
2007-08-22,1464.1,1447.0,1464.9,1447.0,1.17
2007-08-23,1462.5,1464.0,1472.1,1453.9,-0.11
2007-08-24,1479.4,1462.3,1479.4,1460.5,1.16
2007-08-27,1466.8,1479.4,1479.4,1466.0,-0.85
2007-08-28,1432.4,1466.7,1466.7,1432.0,-2.35
2007-08-29,1463.8,1432.0,1463.8,1432.0,2.19
2007-08-30,1457.6,1463.7,1468.4,1451.2,-0.42
2007-08-31,1474.0,1457.6,1481.5,1457.6,1.13
2007-09-04,1489.4,1474.0,1496.4,1472.2,1.04
2007-09-05,1472.3,1488.8,1488.8,1466.3,-1.15
2007-09-06,1478.5,1472.0,1481.5,1467.4,0.42
2007-09-07,1453.5,1478.5,1478.5,1449.1,-1.69
2007-09-10,1451.7,1453.5,1462.2,1439.3,-0.12
2007-09-11,1471.5,1451.7,1472.5,1451.7,1.36
2007-09-12,1471.6,1471.1,1479.5,1465.8,0.01
2007-09-13,1484.0,1471.5,1489.6,1471.5,0.84
2007-09-14,1484.2,1484.0,1486.0,1473.2,0.01
2007-09-17,1476.7,1484.2,1484.2,1471.8,-0.51
2007-09-18,1519.8,1476.6,1519.9,1476.6,2.92
2007-09-19,1529.0,1519.8,1538.7,1519.8,0.61
2007-09-20,1518.8,1528.7,1529.1,1516.4,-0.67
2007-09-21,1525.8,1518.8,1530.9,1518.8,0.46
2007-09-24,1517.7,1525.8,1530.2,1516.2,-0.53
2007-09-25,1517.2,1516.3,1518.3,1507.1,-0.03
2007-09-26,1525.4,1518.6,1529.4,1518.6,0.54
2007-09-27,1531.4,1527.3,1532.5,1525.8,0.39
2007-09-28,1526.8,1531.2,1533.7,1522.0,-0.3
2007-10-01,1547.0,1527.3,1549.0,1527.2,1.32
2007-10-02,1546.6,1547.0,1548.0,1540.4,-0.03
2007-10-03,1539.6,1545.8,1545.8,1536.3,-0.45
2007-10-04,1542.8,1539.9,1544.0,1537.6,0.21
2007-10-05,1557.6,1543.8,1561.9,1543.8,0.96
2007-10-08,1552.6,1556.5,1556.5,1549.0,-0.32
2007-10-09,1565.2,1553.2,1565.3,1551.8,0.81
2007-10-10,1562.5,1565.0,1565.4,1555.5,-0.17
2007-10-11,1554.4,1564.7,1576.1,1546.7,-0.52
2007-10-12,1561.8,1555.4,1563.0,1554.1,0.48
2007-10-15,1548.7,1562.2,1564.7,1540.8,-0.84
2007-10-16,1538.5,1547.8,1547.8,1536.3,-0.66
2007-10-17,1541.2,1544.4,1550.7,1526.0,0.18
2007-10-18,1540.1,1539.3,1542.8,1531.8,-0.07
2007-10-19,1500.6,1540.0,1540.0,1500.3,-2.56
2007-10-22,1506.3,1497.8,1508.1,1490.4,0.38
2007-10-23,1519.6,1509.3,1520.0,1503.6,0.88
2007-10-24,1515.9,1516.6,1517.2,1489.6,-0.24
2007-10-25,1514.4,1516.2,1523.2,1500.5,-0.1
2007-10-26,1535.3,1522.2,1535.5,1520.2,1.38
2007-10-29,1541.0,1536.9,1544.7,1536.4,0.37
2007-10-30,1531.0,1539.4,1539.4,1529.5,-0.65
2007-10-31,1549.4,1532.2,1552.8,1529.4,1.2
2007-11-01,1508.4,1545.8,1545.8,1506.7,-2.65
2007-11-02,1509.7,1511.1,1513.2,1492.5,0.09
2007-11-05,1502.2,1505.6,1510.8,1490.0,-0.5
2007-11-06,1520.3,1505.3,1520.8,1499.1,1.2
2007-11-07,1475.6,1515.5,1515.5,1475.0,-2.94
2007-11-08,1474.8,1475.3,1482.5,1450.3,-0.05
2007-11-09,1453.7,1467.6,1474.1,1448.5,-1.43
2007-11-12,1439.2,1453.7,1464.9,1438.5,-1.0
2007-11-13,1481.0,1441.3,1481.4,1441.3,2.9
2007-11-14,1470.6,1483.4,1492.1,1466.5,-0.7
2007-11-15,1451.2,1468.0,1472.7,1443.5,-1.32
2007-11-16,1458.7,1453.1,1462.2,1444.0,0.52
2007-11-19,1433.3,1456.7,1456.7,1430.4,-1.74
2007-11-20,1439.7,1434.5,1452.6,1419.3,0.45
2007-11-21,1416.8,1434.7,1436.4,1415.6,-1.59
2007-11-23,1440.7,1417.6,1440.9,1417.6,1.69
2007-11-26,1407.2,1440.7,1446.1,1406.1,-2.33
2007-11-27,1428.2,1409.6,1429.5,1407.4,1.49
2007-11-28,1469.0,1433.0,1471.6,1433.0,2.86
2007-11-29,1469.7,1467.4,1473.8,1458.4,0.05
2007-11-30,1481.1,1471.8,1488.9,1470.9,0.78
2007-12-03,1472.4,1479.6,1481.2,1470.1,-0.59
2007-12-04,1462.8,1471.3,1471.3,1460.7,-0.65
2007-12-05,1485.0,1465.2,1486.1,1465.2,1.52
2007-12-06,1507.3,1484.6,1508.0,1482.2,1.5
2007-12-07,1504.7,1508.6,1510.6,1502.7,-0.17
2007-12-10,1516.0,1505.1,1518.3,1505.0,0.75
2007-12-11,1477.7,1516.7,1523.6,1476.0,-2.53
2007-12-12,1486.6,1487.6,1512.0,1468.2,0.6
2007-12-13,1488.4,1483.3,1489.4,1469.2,0.12
2007-12-14,1468.0,1486.2,1486.7,1467.8,-1.37
2007-12-17,1445.9,1465.0,1465.0,1445.4,-1.51
2007-12-18,1455.0,1445.9,1460.2,1435.7,0.63
2007-12-19,1453.0,1454.7,1464.4,1445.3,-0.14
2007-12-20,1460.1,1456.4,1461.5,1447.2,0.49
2007-12-21,1484.5,1463.2,1485.4,1463.2,1.67
2007-12-24,1496.5,1484.5,1497.6,1484.5,0.81
2007-12-26,1497.7,1495.1,1498.8,1488.2,0.08
2007-12-27,1476.4,1495.0,1495.0,1475.9,-1.42
2007-12-28,1478.5,1479.8,1488.0,1471.7,0.14
2007-12-31,1468.4,1475.2,1475.8,1465.1,-0.68
2008-01-02,1447.2,1468.0,1471.8,1442.1,-1.44
2008-01-03,1447.2,1447.5,1456.8,1443.7,0.0
2008-01-04,1411.6,1444.0,1444.0,1411.2,-2.46
2008-01-07,1416.2,1414.1,1423.9,1403.5,0.33
2008-01-08,1390.2,1415.7,1430.3,1388.3,-1.84
2008-01-09,1409.1,1390.2,1409.2,1378.7,1.36
2008-01-10,1420.3,1406.8,1429.1,1395.3,0.79
2008-01-11,1401.0,1419.9,1419.9,1394.8,-1.36
2008-01-14,1416.2,1402.9,1417.9,1402.9,1.08
2008-01-15,1381.0,1411.9,1411.9,1380.6,-2.49
2008-01-16,1373.2,1377.4,1392.0,1364.3,-0.56
2008-01-17,1333.2,1374.8,1377.7,1330.7,-2.91
2008-01-18,1325.2,1333.9,1350.3,1312.5,-0.6
2008-01-22,1310.5,1312.9,1322.1,1274.3,-1.11
2008-01-23,1338.6,1310.4,1339.1,1270.0,2.14
2008-01-24,1352.1,1340.1,1355.2,1334.3,1.01
2008-01-25,1330.6,1357.3,1368.6,1327.5,-1.59
2008-01-28,1354.0,1330.7,1354.0,1322.3,1.76
2008-01-29,1362.3,1355.9,1364.9,1350.2,0.61
2008-01-30,1355.8,1362.2,1385.9,1353.0,-0.48
2008-01-31,1378.5,1352.0,1385.6,1334.1,1.67
2008-02-01,1395.4,1378.6,1396.0,1375.9,1.23
2008-02-04,1380.8,1395.4,1395.4,1379.7,-1.05
2008-02-05,1336.6,1380.3,1380.3,1336.6,-3.2
2008-02-06,1326.5,1339.5,1352.0,1324.3,-0.76
2008-02-07,1336.9,1324.0,1347.2,1316.8,0.78
2008-02-08,1331.3,1336.9,1341.2,1321.1,-0.42
2008-02-11,1339.1,1331.9,1341.4,1320.3,0.59
2008-02-12,1348.9,1340.5,1362.1,1339.4,0.73
2008-02-13,1367.2,1353.1,1369.2,1350.8,1.36
2008-02-14,1348.9,1367.3,1368.2,1347.3,-1.34
2008-02-15,1350.0,1347.5,1350.0,1338.1,0.08
2008-02-19,1348.8,1355.9,1367.3,1345.0,-0.09
2008-02-20,1360.0,1348.4,1363.7,1336.5,0.83
2008-02-21,1342.5,1362.2,1367.9,1339.3,-1.29
2008-02-22,1353.1,1344.2,1354.3,1327.0,0.79
2008-02-25,1371.8,1352.8,1374.4,1346.0,1.38
2008-02-26,1381.3,1371.8,1387.3,1363.3,0.69
2008-02-27,1380.0,1379.0,1388.3,1372.0,-0.09
2008-02-28,1367.7,1378.2,1378.2,1363.2,-0.89
2008-02-29,1330.6,1364.1,1364.1,1325.4,-2.71
2008-03-03,1331.3,1330.5,1335.1,1320.0,0.05
2008-03-04,1326.8,1329.6,1331.0,1307.4,-0.34
2008-03-05,1333.7,1327.7,1344.2,1320.2,0.52
2008-03-06,1304.3,1332.2,1332.2,1303.4,-2.2
2008-03-07,1293.4,1301.5,1313.2,1282.4,-0.84
2008-03-10,1273.4,1293.2,1295.0,1272.7,-1.55
2008-03-11,1320.7,1274.4,1320.7,1274.4,3.71
2008-03-12,1308.8,1321.1,1333.3,1307.9,-0.9
2008-03-13,1315.5,1305.3,1321.7,1282.1,0.51
2008-03-14,1288.1,1316.0,1321.5,1274.9,-2.08
2008-03-17,1276.6,1283.2,1287.5,1257.0,-0.89
2008-03-18,1330.7,1277.2,1330.7,1277.2,4.24
2008-03-19,1298.4,1331.0,1341.5,1298.4,-2.43
2008-03-20,1329.5,1299.7,1330.7,1295.2,2.4
2008-03-24,1349.9,1330.3,1359.7,1330.3,1.53
2008-03-25,1353.0,1349.1,1357.5,1341.2,0.23
2008-03-26,1341.1,1352.5,1352.5,1336.4,-0.88
2008-03-27,1325.8,1340.3,1345.6,1325.7,-1.14
2008-03-28,1315.2,1327.0,1334.9,1313.0,-0.8
2008-03-31,1322.7,1315.9,1328.5,1312.8,0.57
2008-04-01,1370.2,1326.4,1370.2,1326.4,3.59
2008-04-02,1367.5,1370.0,1378.0,1361.5,-0.2
2008-04-03,1369.3,1365.7,1375.7,1358.7,0.13
2008-04-04,1370.4,1369.8,1380.9,1362.8,0.08
2008-04-07,1372.5,1373.7,1386.7,1369.0,0.15
2008-04-08,1365.5,1370.2,1370.2,1360.6,-0.51
2008-04-09,1354.5,1365.5,1368.4,1350.0,-0.81
2008-04-10,1360.5,1355.4,1367.2,1350.1,0.44
2008-04-11,1332.8,1358.0,1358.0,1331.2,-2.04
2008-04-14,1328.3,1332.2,1335.6,1326.2,-0.34
2008-04-15,1334.4,1331.7,1337.7,1324.3,0.46
2008-04-16,1364.7,1337.0,1365.5,1337.0,2.27
2008-04-17,1365.6,1363.4,1368.6,1357.2,0.07
2008-04-18,1390.3,1369.0,1395.9,1369.0,1.81
2008-04-21,1388.2,1387.7,1390.2,1379.2,-0.15
2008-04-22,1375.9,1386.4,1386.4,1369.8,-0.89
2008-04-23,1379.9,1378.4,1387.9,1372.2,0.29
2008-04-24,1388.8,1380.5,1397.7,1371.1,0.64
2008-04-25,1397.8,1387.9,1399.1,1380.0,0.65
2008-04-28,1396.4,1398.0,1402.9,1394.4,-0.1
2008-04-29,1390.9,1395.6,1397.0,1386.7,-0.39
2008-04-30,1385.6,1391.2,1404.6,1384.2,-0.38
2008-05-01,1409.3,1386.0,1410.1,1383.1,1.71
2008-05-02,1413.9,1409.2,1422.7,1406.2,0.33
2008-05-05,1407.5,1412.8,1415.7,1404.4,-0.45
2008-05-06,1418.3,1405.6,1421.6,1397.1,0.77
2008-05-07,1392.6,1417.5,1419.5,1391.2,-1.81
2008-05-08,1397.7,1394.3,1402.3,1389.4,0.37
2008-05-09,1388.3,1394.9,1394.9,1384.1,-0.67
2008-05-12,1403.6,1389.4,1404.1,1386.2,1.1
2008-05-13,1403.0,1404.4,1406.3,1396.3,-0.04
2008-05-14,1408.7,1405.7,1420.2,1405.7,0.41
2008-05-15,1423.6,1408.4,1424.4,1406.9,1.06
2008-05-16,1425.3,1423.9,1425.8,1414.3,0.12
2008-05-19,1426.6,1425.3,1440.2,1421.6,0.09
2008-05-20,1413.4,1424.5,1424.5,1409.1,-0.93
2008-05-21,1390.7,1414.1,1419.1,1388.8,-1.61
2008-05-22,1394.3,1390.8,1399.1,1390.2,0.26
2008-05-23,1375.9,1392.2,1392.2,1373.7,-1.32
2008-05-27,1385.3,1376.0,1387.4,1373.1,0.68
2008-05-28,1390.8,1386.5,1391.2,1378.2,0.4
2008-05-29,1398.3,1390.5,1406.3,1388.6,0.54
2008-05-30,1400.4,1398.4,1404.5,1398.1,0.15
2008-06-02,1385.7,1399.6,1399.6,1377.8,-1.05
2008-06-03,1377.7,1386.4,1393.1,1370.1,-0.58
2008-06-04,1377.2,1376.3,1388.2,1371.7,-0.04
2008-06-05,1404.0,1377.5,1404.0,1377.5,1.95
2008-06-06,1360.7,1400.1,1400.1,1359.9,-3.08
2008-06-09,1361.8,1360.8,1370.6,1350.6,0.08
2008-06-10,1358.4,1359.0,1366.8,1351.6,-0.25
2008-06-11,1335.5,1357.1,1357.1,1335.5,-1.69
2008-06-12,1339.9,1335.8,1353.0,1331.3,0.33
2008-06-13,1360.0,1341.8,1360.0,1341.7,1.5
2008-06-16,1360.1,1358.8,1364.7,1352.1,0.01
2008-06-17,1350.9,1360.7,1366.6,1350.5,-0.68
2008-06-18,1337.8,1349.6,1349.6,1333.4,-0.97
2008-06-19,1342.8,1336.9,1347.7,1330.5,0.37
2008-06-20,1317.9,1341.0,1341.0,1314.5,-1.85
2008-06-23,1318.0,1319.8,1323.8,1315.3,0.01
2008-06-24,1314.3,1317.2,1326.0,1304.4,-0.28
2008-06-25,1322.0,1314.5,1335.6,1314.5,0.59
2008-06-26,1283.2,1316.3,1316.3,1283.2,-2.93
2008-06-27,1278.4,1283.6,1289.5,1272.0,-0.37
2008-06-30,1280.0,1278.1,1290.3,1274.9,0.13
2008-07-01,1284.9,1276.7,1285.3,1260.7,0.38
2008-07-02,1261.5,1285.8,1292.2,1261.5,-1.82
2008-07-03,1262.9,1263.0,1271.5,1252.0,0.11
2008-07-07,1252.3,1262.9,1274.0,1240.7,-0.84
2008-07-08,1273.7,1251.8,1274.2,1242.8,1.71
2008-07-09,1244.7,1273.4,1277.4,1244.6,-2.28
2008-07-10,1253.4,1245.2,1257.7,1236.8,0.7
2008-07-11,1239.5,1248.7,1257.3,1225.3,-1.11
2008-07-14,1228.3,1241.6,1253.5,1225.0,-0.9
2008-07-15,1214.9,1226.8,1234.3,1200.4,-1.09
2008-07-16,1245.4,1214.7,1245.5,1211.4,2.51
2008-07-17,1260.3,1246.3,1262.3,1241.5,1.2
2008-07-18,1260.7,1258.2,1262.2,1251.8,0.03
2008-07-21,1260.0,1261.8,1267.7,1255.7,-0.06
2008-07-22,1277.0,1257.1,1277.4,1248.8,1.35
2008-07-23,1282.2,1278.9,1291.2,1276.1,0.41
2008-07-24,1252.5,1283.2,1283.2,1251.5,-2.32
2008-07-25,1257.8,1253.5,1263.2,1251.8,0.42
2008-07-28,1234.4,1257.8,1260.1,1234.4,-1.86
2008-07-29,1263.2,1236.4,1263.2,1236.4,2.33
2008-07-30,1284.3,1264.5,1284.3,1264.5,1.67
2008-07-31,1267.4,1281.4,1284.9,1266.0,-1.32
2008-08-01,1260.3,1269.4,1270.5,1254.5,-0.56
2008-08-04,1249.0,1260.2,1260.5,1247.5,-0.9
2008-08-05,1284.9,1254.9,1284.9,1254.7,2.87
2008-08-06,1289.2,1284.0,1291.7,1276.0,0.33
2008-08-07,1266.1,1286.5,1286.5,1264.3,-1.79
2008-08-08,1296.3,1266.3,1297.8,1262.1,2.39
2008-08-11,1305.3,1294.4,1313.2,1291.4,0.69
2008-08-12,1289.6,1304.8,1304.8,1285.6,-1.2
2008-08-13,1285.8,1288.6,1294.0,1274.9,-0.29
2008-08-14,1292.9,1282.1,1300.1,1276.8,0.55
2008-08-15,1298.2,1293.8,1302.0,1290.7,0.41
2008-08-18,1278.6,1298.1,1300.2,1274.5,-1.51
2008-08-19,1266.7,1276.7,1276.7,1263.1,-0.93
2008-08-20,1274.5,1267.3,1276.0,1261.2,0.62
2008-08-21,1277.7,1271.1,1281.4,1265.2,0.25
2008-08-22,1292.2,1277.6,1293.1,1277.6,1.13
2008-08-25,1266.8,1290.5,1290.5,1264.9,-1.97
2008-08-26,1271.5,1267.0,1275.7,1263.2,0.37
2008-08-27,1281.7,1271.3,1285.0,1270.0,0.8
2008-08-28,1300.7,1283.8,1300.7,1283.8,1.48
2008-08-29,1282.8,1296.5,1297.6,1282.7,-1.38
2008-09-02,1277.6,1287.8,1303.0,1272.2,-0.41
2008-09-03,1275.0,1276.6,1280.6,1265.6,-0.2
2008-09-04,1236.8,1271.8,1271.8,1232.8,-3.0
2008-09-05,1242.3,1233.2,1244.9,1217.2,0.44
2008-09-08,1267.8,1249.5,1274.4,1247.1,2.05
2008-09-09,1224.5,1268.0,1268.7,1224.5,-3.42
2008-09-10,1232.0,1227.5,1243.9,1221.6,0.61
2008-09-11,1249.0,1229.0,1250.0,1211.5,1.38
2008-09-12,1251.7,1245.9,1255.1,1233.8,0.22
2008-09-15,1192.7,1250.9,1250.9,1192.7,-4.71
2008-09-16,1213.6,1188.3,1214.8,1169.3,1.75
2008-09-17,1156.4,1210.3,1210.3,1155.9,-4.71
2008-09-18,1206.5,1157.1,1211.1,1133.5,4.33
2008-09-19,1255.1,1213.1,1265.1,1213.1,4.03
2008-09-22,1207.1,1255.4,1255.4,1205.6,-3.82
2008-09-23,1188.2,1207.6,1221.2,1187.1,-1.57
2008-09-24,1185.9,1188.8,1197.4,1179.8,-0.19
2008-09-25,1209.2,1187.9,1220.0,1187.9,1.96
2008-09-26,1213.0,1204.5,1215.8,1187.5,0.31
2008-09-29,1106.4,1209.1,1209.1,1106.4,-8.79
2008-09-30,1166.4,1113.8,1168.0,1113.8,5.42
2008-10-01,1161.1,1164.2,1167.0,1140.8,-0.45
2008-10-02,1114.3,1160.6,1160.6,1111.4,-4.03
2008-10-03,1099.2,1115.2,1153.8,1098.1,-1.36
2008-10-06,1056.9,1097.6,1097.6,1008.0,-3.85
2008-10-07,996.2,1057.6,1072.9,996.2,-5.74
2008-10-08,984.9,988.9,1021.1,971.0,-1.13
2008-10-09,909.9,988.4,1005.2,909.2,-7.61
2008-10-10,899.2,902.3,936.4,839.8,-1.18
2008-10-13,1003.4,912.8,1006.9,912.8,11.59
2008-10-14,998.0,1010.0,1044.3,972.1,-0.54
2008-10-15,907.8,994.6,994.6,904.0,-9.04
2008-10-16,946.4,909.5,947.7,865.8,4.25
2008-10-17,940.5,942.3,984.6,918.7,-0.62
2008-10-20,985.4,943.5,985.4,943.5,4.77
2008-10-21,955.0,980.4,985.4,952.5,-3.09
2008-10-22,896.8,951.7,951.7,875.8,-6.09
2008-10-23,908.1,899.1,922.8,858.4,1.26
2008-10-24,876.8,895.2,896.3,852.9,-3.45
2008-10-27,848.9,874.3,893.8,846.8,-3.18
2008-10-28,940.5,848.9,940.5,845.3,10.79
2008-10-29,930.1,939.5,970.0,922.3,-1.11
2008-10-30,954.1,939.4,963.2,928.5,2.58
2008-10-31,968.8,953.1,984.4,944.6,1.54
2008-11-03,966.3,968.7,975.6,958.8,-0.26
2008-11-04,1005.8,971.3,1007.5,971.3,4.09
2008-11-05,952.8,1001.8,1001.8,949.9,-5.27
2008-11-06,904.9,952.4,952.4,899.7,-5.03
2008-11-07,931.0,907.4,931.5,906.9,2.88
2008-11-10,919.2,936.8,952.0,907.5,-1.27
2008-11-11,899.0,917.1,917.1,884.9,-2.2
2008-11-12,852.3,893.4,893.4,850.5,-5.19
2008-11-13,911.3,853.1,913.0,818.7,6.92
2008-11-14,873.3,904.4,916.9,869.9,-4.17
2008-11-17,850.8,873.2,882.3,849.0,-2.58
2008-11-18,859.1,852.3,865.9,826.8,0.98
2008-11-19,806.6,859.0,864.6,806.2,-6.11
2008-11-20,752.4,805.9,820.5,747.8,-6.72
2008-11-21,800.0,755.8,801.2,741.0,6.33
2008-11-24,851.8,801.2,865.6,801.2,6.47
2008-11-25,857.4,853.4,868.9,835.0,0.66
2008-11-26,887.7,852.9,887.7,841.4,3.53
2008-11-28,896.2,886.9,896.2,881.2,0.96
2008-12-01,816.2,888.6,888.6,815.7,-8.93
2008-12-02,848.8,817.9,850.5,817.9,3.99
2008-12-03,870.7,843.6,873.1,827.6,2.58
2008-12-04,845.2,869.8,875.6,833.6,-2.93
2008-12-05,876.1,844.4,879.4,818.4,3.66
2008-12-08,909.7,882.7,918.6,882.7,3.84
2008-12-09,888.7,906.5,916.3,885.4,-2.31
2008-12-10,899.2,892.2,908.3,885.5,1.18
2008-12-11,873.6,898.4,904.6,868.7,-2.85
2008-12-12,879.7,871.8,883.2,851.4,0.7
2008-12-15,868.6,881.1,884.6,857.7,-1.26
2008-12-16,913.2,871.5,914.7,871.5,5.13
2008-12-17,904.4,908.2,918.9,895.9,-0.96
2008-12-18,885.3,906.0,911.0,877.4,-2.11
2008-12-19,887.9,887.0,905.5,883.0,0.29
2008-12-22,871.6,887.2,887.4,857.1,-1.84
2008-12-23,863.2,874.3,880.4,860.1,-0.96
2008-12-24,868.1,863.9,869.8,861.4,0.57
2008-12-26,872.8,869.5,873.7,866.5,0.54
2008-12-29,869.4,872.4,873.7,857.1,-0.39
2008-12-30,890.6,870.6,891.1,870.6,2.44
2008-12-31,903.2,890.6,910.3,889.7,1.41
2009-01-02,931.8,903.0,934.7,899.4,3.17
2009-01-05,927.5,929.2,936.6,919.5,-0.46
2009-01-06,934.7,931.2,943.9,927.3,0.78
2009-01-07,906.6,927.5,927.5,902.4,-3.01
2009-01-08,909.7,905.7,910.0,896.8,0.34
2009-01-09,890.4,909.9,911.9,888.3,-2.12
2009-01-12,870.3,890.4,890.4,864.3,-2.26
2009-01-13,871.8,869.8,877.0,862.0,0.17
2009-01-14,842.6,867.3,867.3,836.9,-3.35
2009-01-15,843.7,842.0,851.6,817.0,0.13
2009-01-16,850.1,844.5,858.1,830.7,0.76
2009-01-20,805.2,849.6,849.6,804.5,-5.28
2009-01-21,840.2,806.8,841.7,804.3,4.35
2009-01-22,827.5,839.7,839.7,811.3,-1.51
2009-01-23,832.0,822.2,838.6,806.1,0.54
2009-01-26,836.6,832.5,852.5,827.7,0.55
2009-01-27,845.7,837.3,850.5,835.4,1.09
2009-01-28,874.1,845.7,877.9,845.7,3.36
2009-01-29,845.1,868.9,868.9,844.1,-3.32
2009-01-30,825.9,845.7,851.7,821.7,-2.27
2009-02-02,825.4,823.1,830.8,812.9,-0.06
2009-02-03,838.5,825.7,842.6,822.0,1.59
2009-02-04,832.2,837.8,851.9,829.2,-0.75
2009-02-05,845.9,831.8,850.5,819.9,1.65
2009-02-06,868.6,846.1,870.8,845.4,2.68
2009-02-09,869.9,868.2,875.0,861.6,0.15
2009-02-10,827.2,866.9,868.0,823.0,-4.91
2009-02-11,833.7,827.4,838.2,822.3,0.79
2009-02-12,835.2,829.9,835.5,808.1,0.18
2009-02-13,826.8,834.0,839.4,825.2,-1.01
2009-02-17,789.2,818.6,818.6,789.2,-4.55
2009-02-18,788.4,791.1,796.2,780.4,-0.1
2009-02-19,778.9,787.9,797.6,777.0,-1.2
2009-02-20,770.0,775.9,778.7,754.2,-1.14
2009-02-23,743.3,773.2,777.9,742.4,-3.47
2009-02-24,773.1,744.7,775.5,744.7,4.01
2009-02-25,764.9,770.6,780.1,752.9,-1.06
2009-02-26,752.8,765.8,779.4,751.8,-1.58
2009-02-27,735.1,749.9,751.3,734.5,-2.35
2009-03-02,700.8,729.6,729.6,699.7,-4.67
2009-03-03,696.3,704.4,711.7,692.3,-0.64
2009-03-04,712.9,698.6,724.1,698.6,2.38
2009-03-05,682.5,708.3,708.3,677.9,-4.26
2009-03-06,683.4,684.0,699.1,666.8,0.13
2009-03-09,676.5,680.8,695.3,672.9,-1.01
2009-03-10,719.6,679.3,719.6,679.3,6.37
2009-03-11,721.4,719.6,731.9,713.9,0.25
2009-03-12,750.7,720.9,752.6,714.8,4.06
2009-03-13,756.5,752.0,758.3,742.5,0.77
2009-03-16,753.9,758.8,774.5,753.4,-0.34
2009-03-17,778.1,753.9,778.1,749.9,3.21
2009-03-18,794.4,776.0,803.0,765.6,2.09
2009-03-19,784.0,797.9,803.2,781.8,-1.31
2009-03-20,768.5,784.6,788.9,766.2,-1.98
2009-03-23,822.9,772.3,823.4,772.3,7.08
2009-03-24,806.1,820.6,823.6,805.5,-2.04
2009-03-25,813.9,806.8,826.8,791.4,0.97
2009-03-26,832.9,814.1,833.0,814.1,2.33
2009-03-27,815.9,828.7,828.7,813.4,-2.04
2009-03-30,787.5,809.1,809.1,779.8,-3.48
2009-03-31,797.9,790.9,810.5,790.9,1.32
2009-04-01,811.1,793.6,813.6,783.3,1.65
2009-04-02,834.4,814.5,845.6,814.5,2.87
2009-04-03,842.5,835.1,842.5,826.7,0.97
2009-04-06,835.5,839.8,839.8,822.8,-0.83
2009-04-07,815.5,834.1,834.1,814.5,-2.39
2009-04-08,825.2,816.8,828.4,814.8,1.19
2009-04-09,856.6,829.3,856.9,829.3,3.81
2009-04-13,858.7,855.3,864.3,845.4,0.25
2009-04-14,841.5,856.9,856.9,840.2,-2.0
2009-04-15,852.1,839.4,852.9,835.6,1.26
2009-04-16,865.3,854.5,870.4,847.0,1.55
2009-04-17,869.6,865.2,875.6,860.9,0.5
2009-04-20,832.4,868.3,868.3,832.4,-4.28
2009-04-21,850.1,831.2,850.1,826.8,2.13
2009-04-22,843.5,847.3,861.8,840.6,-0.78
2009-04-23,851.9,844.6,852.9,835.5,1.0
2009-04-24,866.2,853.9,871.8,853.9,1.68
2009-04-27,857.5,862.8,868.8,854.6,-1.0
2009-04-28,855.2,854.5,864.5,847.1,-0.27
2009-04-29,873.6,856.9,882.1,856.9,2.15
2009-04-30,872.8,876.6,888.7,868.5,-0.09
2009-05-01,877.5,872.7,880.5,866.1,0.54
2009-05-04,907.2,879.2,907.9,879.2,3.38
2009-05-05,903.8,906.1,907.7,897.3,-0.37
2009-05-06,919.5,904.0,920.3,904.0,1.74
2009-05-07,907.4,919.6,929.6,901.4,-1.32
2009-05-08,929.2,909.0,930.2,909.0,2.4
2009-05-11,909.2,923.0,923.0,908.7,-2.15
2009-05-12,908.4,910.5,915.6,896.5,-0.09
2009-05-13,883.9,905.4,905.4,882.8,-2.7
2009-05-14,893.1,884.2,898.4,882.5,1.04
2009-05-15,882.9,892.8,897.0,878.9,-1.14
2009-05-18,909.7,886.1,910.0,886.1,3.04
2009-05-19,908.1,909.7,916.4,905.2,-0.18
2009-05-20,903.5,908.6,924.6,901.4,-0.51
2009-05-21,888.3,900.4,900.4,879.6,-1.68
2009-05-22,887.0,888.7,896.6,883.8,-0.15
2009-05-26,910.3,887.0,911.8,881.5,2.63
2009-05-27,893.1,910.0,913.8,891.9,-1.89
2009-05-28,906.8,893.0,909.5,887.6,1.53
2009-05-29,919.1,907.0,920.0,903.6,1.36
2009-06-01,942.9,923.3,947.8,923.3,2.59
2009-06-02,944.7,942.9,949.4,938.5,0.19
2009-06-03,931.8,942.5,942.5,923.9,-1.37
2009-06-04,942.5,932.5,942.5,929.3,1.15
2009-06-05,940.1,945.7,951.7,934.1,-0.25
2009-06-08,939.1,938.1,946.3,926.4,-0.11
2009-06-09,942.4,940.4,946.9,936.1,0.35
2009-06-10,939.1,942.7,949.8,928.0,-0.35
2009-06-11,944.9,939.0,956.2,939.0,0.62
2009-06-12,946.2,943.4,946.3,935.7,0.14
2009-06-15,923.7,942.5,942.5,919.6,-2.38
2009-06-16,912.0,925.6,928.0,911.6,-1.27
2009-06-17,910.7,911.9,918.4,903.8,-0.14
2009-06-18,918.4,910.9,921.9,907.9,0.85
2009-06-19,921.2,920.0,927.1,915.8,0.3
2009-06-22,893.0,918.1,918.1,893.0,-3.06
2009-06-23,895.1,893.5,898.7,888.9,0.24
2009-06-24,900.9,896.3,910.9,896.3,0.65
2009-06-25,920.3,899.5,921.4,896.3,2.15
2009-06-26,918.9,918.8,922.0,913.0,-0.15
2009-06-29,927.2,919.9,928.0,916.2,0.9
2009-06-30,919.3,927.1,930.0,912.9,-0.85
2009-07-01,923.3,920.8,931.9,920.8,0.44
2009-07-02,896.4,921.2,921.2,896.4,-2.91
2009-07-06,898.7,894.3,898.7,886.4,0.26
2009-07-07,881.0,898.6,898.6,879.9,-1.97
2009-07-08,879.6,881.9,886.8,869.3,-0.16
2009-07-09,882.7,881.3,887.9,878.5,0.35
2009-07-10,879.1,880.0,883.6,872.8,-0.41
2009-07-13,901.0,879.6,901.0,875.3,2.49
2009-07-14,905.8,900.8,905.8,896.5,0.53
2009-07-15,932.7,910.1,934.0,910.1,2.97
2009-07-16,940.7,930.2,944.0,927.5,0.86
2009-07-17,940.4,940.6,941.9,934.6,-0.03
2009-07-20,951.1,942.1,951.6,941.0,1.14
2009-07-21,954.6,952.0,956.5,943.2,0.37
2009-07-22,954.1,953.4,959.8,947.8,-0.05
2009-07-23,976.3,954.1,979.4,953.3,2.33
2009-07-24,979.3,972.2,979.8,966.0,0.31
2009-07-27,982.2,978.6,982.5,972.3,0.3
2009-07-28,979.6,981.5,982.4,969.4,-0.26
2009-07-29,975.1,977.7,977.8,968.6,-0.46
2009-07-30,986.8,976.0,996.7,976.0,1.2
2009-07-31,987.5,986.8,993.2,982.9,0.07
2009-08-03,1002.6,990.2,1003.6,990.2,1.53
2009-08-04,1005.6,1001.4,1007.1,996.7,0.3
2009-08-05,1002.7,1005.4,1006.6,994.3,-0.29
2009-08-06,997.1,1004.1,1008.0,992.5,-0.56
2009-08-07,1010.5,999.8,1018.0,999.8,1.34
2009-08-10,1007.1,1008.9,1010.1,1001.0,-0.34
2009-08-11,994.4,1005.8,1005.8,992.4,-1.26
2009-08-12,1005.8,994.0,1012.8,993.4,1.15
2009-08-13,1012.7,1005.9,1013.1,1000.8,0.69
2009-08-14,1004.1,1012.2,1012.6,994.6,-0.85
2009-08-17,979.7,998.2,998.2,978.5,-2.43
2009-08-18,989.7,980.6,991.2,980.6,1.02
2009-08-19,996.5,986.9,999.6,980.6,0.69
2009-08-20,1007.4,996.4,1008.9,996.4,1.09
2009-08-21,1026.1,1009.1,1027.6,1009.1,1.86
2009-08-24,1025.6,1026.6,1035.8,1022.5,-0.05
2009-08-25,1028.0,1026.6,1037.8,1026.2,0.23
2009-08-26,1028.1,1027.3,1032.5,1021.6,0.01
2009-08-27,1031.0,1027.8,1033.3,1016.2,0.28
2009-08-28,1028.9,1031.6,1039.5,1023.1,-0.2
2009-08-31,1020.6,1025.2,1025.2,1014.6,-0.81
2009-09-01,998.0,1019.5,1028.5,996.3,-2.21
2009-09-02,994.8,996.1,1000.3,992.0,-0.32
2009-09-03,1003.2,996.1,1003.4,992.2,0.84
2009-09-04,1016.4,1003.8,1016.5,1001.6,1.32
2009-09-08,1025.4,1018.7,1026.1,1018.7,0.89
2009-09-09,1033.4,1025.4,1036.3,1024.0,0.78
2009-09-10,1044.1,1033.0,1044.1,1028.0,1.04
2009-09-11,1042.7,1043.9,1048.2,1038.4,-0.13
2009-09-14,1049.3,1040.2,1049.7,1035.0,0.63
2009-09-15,1052.6,1049.0,1056.0,1043.4,0.31
2009-09-16,1068.8,1054.0,1068.8,1052.9,1.54
2009-09-17,1065.5,1067.9,1074.8,1061.2,-0.31
2009-09-18,1068.3,1066.6,1071.5,1064.3,0.26
2009-09-21,1064.7,1067.1,1067.3,1057.5,-0.34
2009-09-22,1071.7,1066.3,1073.8,1066.3,0.66
2009-09-23,1060.9,1072.7,1080.2,1060.4,-1.01
2009-09-24,1050.8,1062.6,1066.3,1045.8,-0.95
2009-09-25,1044.4,1049.5,1053.5,1041.2,-0.61
2009-09-28,1063.0,1045.4,1065.1,1045.4,1.78
2009-09-29,1060.6,1063.7,1069.6,1057.8,-0.23
2009-09-30,1057.1,1061.0,1063.4,1046.5,-0.33
2009-10-01,1029.8,1054.9,1054.9,1029.5,-2.58
2009-10-02,1025.2,1029.7,1030.6,1020.0,-0.45
2009-10-05,1040.5,1026.9,1042.6,1025.9,1.49
2009-10-06,1054.7,1042.0,1060.5,1042.0,1.36
2009-10-07,1057.6,1053.7,1058.0,1050.1,0.27
2009-10-08,1065.5,1060.0,1070.7,1060.0,0.75
2009-10-09,1071.5,1065.3,1071.5,1063.0,0.56
2009-10-12,1076.2,1071.6,1079.5,1071.6,0.44
2009-10-13,1073.2,1075.0,1075.3,1066.7,-0.28
2009-10-14,1092.0,1078.7,1093.2,1078.7,1.75
2009-10-15,1096.6,1090.4,1096.6,1086.4,0.42
2009-10-16,1087.7,1094.7,1094.7,1081.5,-0.81
2009-10-19,1097.9,1088.2,1100.2,1086.5,0.94
2009-10-20,1091.1,1098.6,1098.6,1086.2,-0.62
2009-10-21,1081.4,1090.4,1101.4,1080.8,-0.89
2009-10-22,1092.9,1081.0,1095.2,1074.3,1.06
2009-10-23,1079.6,1095.6,1095.8,1075.5,-1.22
2009-10-26,1067.0,1080.4,1091.8,1065.2,-1.17
2009-10-27,1063.4,1067.5,1072.5,1060.6,-0.34
2009-10-28,1042.6,1061.5,1063.3,1042.2,-1.96
2009-10-29,1066.1,1043.7,1066.8,1043.7,2.25
2009-10-30,1036.2,1065.4,1065.4,1033.4,-2.8
2009-11-02,1042.9,1036.2,1052.2,1029.4,0.65
2009-11-03,1045.4,1040.9,1046.4,1033.9,0.24
2009-11-04,1046.5,1047.1,1061.0,1045.2,0.11
2009-11-05,1066.6,1047.3,1066.7,1047.3,1.92
2009-11-06,1069.3,1065.0,1071.5,1059.3,0.25
2009-11-09,1093.1,1072.3,1093.2,1072.3,2.23
2009-11-10,1093.0,1091.9,1096.4,1087.4,-0.01
2009-11-11,1098.5,1096.0,1105.4,1093.8,0.5
2009-11-12,1087.2,1098.3,1102.0,1084.9,-1.03
2009-11-13,1093.5,1087.6,1097.8,1085.3,0.58
2009-11-16,1109.3,1094.1,1113.7,1094.1,1.44
2009-11-17,1110.3,1109.2,1110.5,1102.2,0.09
2009-11-18,1109.8,1109.4,1111.1,1102.7,-0.05
2009-11-19,1094.9,1106.4,1106.4,1088.4,-1.34
2009-11-20,1091.4,1094.7,1094.7,1086.8,-0.32
2009-11-23,1106.2,1094.9,1112.4,1094.9,1.36
2009-11-24,1105.7,1105.8,1107.6,1097.6,-0.05
2009-11-25,1110.6,1106.5,1111.2,1104.8,0.44
2009-11-27,1091.5,1105.5,1105.5,1083.7,-1.72
2009-11-30,1095.6,1091.1,1097.2,1086.2,0.38
2009-12-01,1108.9,1098.9,1112.3,1098.9,1.21
2009-12-02,1109.2,1109.0,1115.6,1105.3,0.03
2009-12-03,1099.9,1110.6,1117.3,1098.7,-0.84
2009-12-04,1106.0,1100.4,1119.1,1096.5,0.55
2009-12-07,1103.2,1105.5,1110.7,1100.8,-0.25
2009-12-08,1091.9,1103.0,1103.0,1088.6,-1.02
2009-12-09,1096.0,1091.1,1097.0,1085.9,0.38
2009-12-10,1102.3,1098.7,1106.2,1098.7,0.57
2009-12-11,1106.4,1104.0,1108.5,1101.3,0.37
2009-12-14,1114.1,1107.8,1114.8,1107.8,0.7
2009-12-15,1107.9,1114.1,1114.1,1105.3,-0.56
2009-12-16,1109.2,1108.6,1116.2,1108.0,0.12
2009-12-17,1096.1,1106.4,1106.4,1095.9,-1.18
2009-12-18,1102.5,1097.9,1103.7,1093.9,0.58
2009-12-21,1114.0,1105.3,1117.7,1105.3,1.04
2009-12-22,1118.0,1114.5,1120.3,1114.5,0.36
2009-12-23,1120.6,1118.8,1121.6,1116.0,0.23
2009-12-24,1126.5,1121.1,1126.5,1121.1,0.53
2009-12-28,1127.8,1127.5,1130.4,1123.5,0.12
2009-12-29,1126.2,1128.5,1130.4,1126.1,-0.14
2009-12-30,1126.4,1125.5,1126.4,1121.9,0.02
2009-12-31,1115.1,1126.6,1127.6,1114.8,-1.0
2010-01-04,1133.0,1116.6,1133.9,1116.6,1.61
2010-01-05,1136.5,1132.7,1136.6,1129.7,0.31
2010-01-06,1137.1,1135.7,1139.2,1134.0,0.05
2010-01-07,1141.7,1136.3,1142.5,1131.3,0.4
2010-01-08,1145.0,1140.5,1145.4,1136.2,0.29
2010-01-11,1147.0,1146.0,1149.7,1142.0,0.17
2010-01-12,1136.2,1143.8,1143.8,1131.8,-0.94
2010-01-13,1145.7,1137.3,1148.4,1133.2,0.84
2010-01-14,1148.5,1145.7,1150.4,1143.8,0.24
2010-01-15,1136.0,1147.7,1147.8,1131.4,-1.09
2010-01-19,1150.2,1136.0,1150.5,1135.8,1.25
2010-01-20,1138.0,1148.0,1148.0,1129.2,-1.06
2010-01-21,1116.5,1138.7,1141.6,1114.8,-1.89
2010-01-22,1091.8,1115.5,1115.5,1090.2,-2.21
2010-01-25,1096.8,1092.4,1103.0,1092.4,0.46
2010-01-26,1092.2,1095.8,1103.7,1089.9,-0.42
2010-01-27,1097.5,1091.9,1099.5,1083.1,0.49
2010-01-28,1084.5,1096.9,1100.2,1078.5,-1.18
2010-01-29,1073.9,1087.6,1096.5,1071.6,-0.98
2010-02-01,1089.2,1073.9,1089.4,1073.9,1.42
2010-02-02,1103.3,1090.0,1104.7,1088.0,1.29
2010-02-03,1097.3,1100.7,1102.7,1094.0,-0.54
2010-02-04,1063.1,1097.2,1097.2,1062.8,-3.12
2010-02-05,1066.2,1064.1,1067.1,1044.5,0.29
2010-02-08,1056.7,1065.5,1071.2,1056.5,-0.89
2010-02-09,1070.5,1060.1,1079.3,1060.1,1.31
2010-02-10,1068.1,1069.7,1073.7,1059.3,-0.22
2010-02-11,1078.5,1067.1,1080.0,1060.6,0.97
2010-02-12,1075.5,1076.0,1077.8,1063.0,-0.28
2010-02-16,1094.9,1079.1,1095.7,1079.1,1.8
2010-02-17,1099.5,1096.1,1101.0,1094.7,0.42
2010-02-18,1106.8,1099.0,1108.2,1097.5,0.66
2010-02-19,1109.2,1105.5,1112.4,1100.8,0.22
2010-02-22,1108.0,1110.0,1112.3,1105.4,-0.11
2010-02-23,1094.6,1107.5,1108.6,1092.2,-1.21
2010-02-24,1105.2,1095.9,1106.4,1095.5,0.97
2010-02-25,1102.9,1101.2,1103.5,1086.0,-0.21
2010-02-26,1104.5,1103.1,1107.2,1097.6,0.15
2010-03-01,1115.7,1105.4,1116.1,1105.4,1.01
2010-03-02,1118.3,1117.0,1123.5,1116.5,0.23
2010-03-03,1118.8,1119.4,1125.6,1116.6,0.04
2010-03-04,1123.0,1119.1,1123.7,1116.7,0.38
2010-03-05,1138.7,1125.1,1139.4,1125.1,1.4
2010-03-08,1138.5,1138.4,1141.0,1136.8,-0.02
2010-03-09,1140.5,1137.6,1145.4,1134.9,0.18
2010-03-10,1145.6,1140.2,1148.3,1140.1,0.45
2010-03-11,1150.2,1144.0,1150.2,1139.0,0.4
2010-03-12,1150.0,1151.7,1153.4,1147.0,-0.02
2010-03-15,1150.5,1148.5,1151.0,1141.5,0.04
2010-03-16,1159.5,1150.8,1160.3,1150.3,0.78
2010-03-17,1166.2,1159.9,1169.8,1159.9,0.58
2010-03-18,1165.8,1166.1,1167.8,1161.2,-0.03
2010-03-19,1159.9,1166.7,1169.2,1155.3,-0.51
2010-03-22,1165.8,1157.2,1167.8,1152.9,0.51
2010-03-23,1174.2,1166.5,1174.7,1163.8,0.72
2010-03-24,1167.7,1172.7,1173.0,1166.0,-0.55
2010-03-25,1165.7,1170.0,1180.7,1165.1,-0.17
2010-03-26,1166.6,1167.6,1173.9,1161.5,0.08
2010-03-29,1173.2,1167.7,1174.8,1167.7,0.57
2010-03-30,1173.3,1173.8,1177.8,1168.9,0.01
2010-03-31,1169.4,1171.8,1174.6,1165.8,-0.33
2010-04-01,1178.1,1171.2,1181.4,1170.7,0.74
2010-04-05,1187.4,1178.7,1187.7,1178.7,0.79
2010-04-06,1189.4,1186.0,1191.8,1182.8,0.17
2010-04-07,1182.5,1188.2,1189.6,1177.2,-0.58
2010-04-08,1186.4,1181.8,1188.5,1175.1,0.33
2010-04-09,1194.4,1187.5,1194.7,1187.2,0.67
2010-04-12,1196.5,1194.9,1199.2,1194.7,0.18
2010-04-13,1197.3,1195.9,1199.0,1188.8,0.07
2010-04-14,1210.7,1198.7,1210.7,1198.7,1.12
2010-04-15,1211.7,1210.8,1213.9,1208.5,0.08
2010-04-16,1192.1,1210.2,1210.2,1186.8,-1.62
2010-04-19,1197.5,1192.1,1197.9,1183.7,0.45
2010-04-20,1207.2,1199.0,1208.6,1199.0,0.81
2010-04-21,1205.9,1207.2,1211.0,1198.8,-0.11
2010-04-22,1208.7,1202.5,1210.3,1190.2,0.23
2010-04-23,1217.3,1207.9,1217.3,1205.1,0.71
2010-04-26,1212.0,1217.1,1219.8,1211.1,-0.44
2010-04-27,1183.7,1209.9,1211.4,1181.6,-2.33
2010-04-28,1191.4,1184.6,1195.0,1181.8,0.65
2010-04-29,1206.8,1193.3,1209.4,1193.3,1.29
2010-04-30,1186.7,1206.8,1208.0,1186.3,-1.67
2010-05-03,1202.3,1188.6,1205.1,1188.6,1.31
2010-05-04,1173.6,1197.5,1197.5,1168.1,-2.39
2010-05-05,1165.9,1169.2,1176.0,1158.2,-0.66
2010-05-06,1128.2,1164.4,1167.6,1065.8,-3.23
2010-05-07,1110.9,1127.0,1135.1,1094.2,-1.53
2010-05-10,1159.7,1122.3,1163.8,1122.3,4.39
2010-05-11,1155.8,1156.4,1170.5,1147.7,-0.34
2010-05-12,1171.7,1155.4,1172.9,1155.4,1.38
2010-05-13,1157.4,1170.0,1173.6,1156.1,-1.22
2010-05-14,1135.7,1157.2,1157.2,1126.1,-1.87
2010-05-17,1136.9,1136.5,1141.9,1115.0,0.11
2010-05-18,1120.8,1138.8,1148.7,1117.2,-1.42
2010-05-19,1115.0,1119.6,1124.3,1100.7,-0.52
2010-05-20,1071.6,1107.3,1107.3,1071.6,-3.89
2010-05-21,1087.7,1067.3,1090.2,1055.9,1.5
2010-05-24,1073.7,1084.8,1090.0,1072.7,-1.29
2010-05-25,1074.0,1067.4,1074.8,1040.8,0.03
2010-05-26,1068.0,1075.5,1090.8,1065.6,-0.56
2010-05-27,1103.1,1074.3,1103.5,1074.3,3.29
2010-05-28,1089.4,1102.6,1102.6,1084.8,-1.24
2010-06-01,1070.7,1087.3,1094.8,1069.9,-1.72
2010-06-02,1098.4,1073.0,1098.6,1072.0,2.59
2010-06-03,1102.8,1098.8,1105.7,1091.8,0.4
2010-06-04,1064.9,1098.4,1098.4,1060.5,-3.44
2010-06-07,1050.5,1065.8,1071.4,1049.9,-1.35
2010-06-08,1062.0,1050.8,1063.2,1042.2,1.09
2010-06-09,1055.7,1062.8,1077.7,1052.2,-0.59
2010-06-10,1086.8,1058.8,1087.8,1058.8,2.95
2010-06-11,1091.6,1082.7,1092.2,1077.1,0.44
2010-06-14,1089.6,1095.0,1105.9,1089.0,-0.18
2010-06-15,1115.2,1091.2,1115.6,1091.2,2.35
2010-06-16,1114.6,1114.0,1118.7,1107.1,-0.05
2010-06-17,1116.0,1116.0,1117.7,1105.9,0.13
2010-06-18,1117.5,1116.2,1121.0,1113.9,0.13
2010-06-21,1113.2,1122.8,1131.2,1108.2,-0.38
2010-06-22,1095.3,1113.9,1118.5,1094.2,-1.61
2010-06-23,1092.0,1095.6,1099.6,1085.3,-0.3
2010-06-24,1073.7,1090.9,1090.9,1071.6,-1.68
2010-06-25,1076.8,1075.1,1083.6,1067.9,0.29
2010-06-28,1074.6,1077.5,1082.6,1071.5,-0.2
2010-06-29,1041.2,1071.1,1071.1,1035.2,-3.11
2010-06-30,1030.7,1040.6,1048.1,1028.3,-1.01
2010-07-01,1027.4,1031.1,1033.6,1010.9,-0.32
2010-07-02,1022.6,1027.7,1033.0,1015.9,-0.47
2010-07-06,1028.1,1028.1,1042.5,1018.4,0.54
2010-07-07,1060.3,1028.5,1060.9,1028.5,3.13
2010-07-08,1070.2,1062.9,1071.2,1058.2,0.93
2010-07-09,1078.0,1070.5,1078.2,1068.1,0.73
2010-07-12,1078.8,1077.2,1080.8,1070.5,0.07
2010-07-13,1095.3,1080.7,1099.5,1080.7,1.53
2010-07-14,1095.2,1095.6,1099.1,1087.7,-0.01
2010-07-15,1096.5,1094.5,1098.7,1080.5,0.12
2010-07-16,1064.9,1093.8,1093.8,1063.3,-2.88
2010-07-19,1071.2,1066.8,1074.7,1061.1,0.59
2010-07-20,1083.5,1064.5,1083.9,1056.9,1.15
2010-07-21,1069.6,1086.7,1089.0,1065.2,-1.28
2010-07-22,1093.7,1072.1,1097.5,1072.1,2.25
2010-07-23,1102.7,1092.2,1103.7,1087.9,0.82
2010-07-26,1115.0,1102.9,1115.0,1101.3,1.12
2010-07-27,1113.8,1117.4,1121.0,1109.8,-0.11
2010-07-28,1106.1,1112.8,1114.7,1103.1,-0.69
2010-07-29,1101.5,1108.1,1115.9,1092.8,-0.42
2010-07-30,1101.6,1098.4,1106.4,1088.0,0.01
2010-08-02,1125.9,1107.5,1127.3,1107.5,2.21
2010-08-03,1120.5,1125.3,1125.4,1116.8,-0.48
2010-08-04,1127.2,1121.1,1128.8,1119.5,0.6
2010-08-05,1125.8,1125.8,1126.6,1118.8,-0.12
2010-08-06,1121.6,1122.1,1123.1,1107.2,-0.37
2010-08-09,1127.8,1122.8,1129.2,1120.9,0.55
2010-08-10,1121.1,1122.9,1127.2,1111.6,-0.59
2010-08-11,1089.5,1116.9,1116.9,1088.5,-2.82
2010-08-12,1083.6,1081.5,1086.7,1076.7,-0.54
2010-08-13,1079.2,1082.2,1086.2,1079.0,-0.41
2010-08-16,1079.4,1077.5,1082.6,1069.5,0.02
2010-08-17,1092.5,1081.2,1100.1,1081.2,1.21
2010-08-18,1094.2,1092.1,1099.8,1085.8,0.16
2010-08-19,1075.6,1092.4,1092.4,1070.7,-1.7
2010-08-20,1071.7,1075.6,1075.6,1063.9,-0.36
2010-08-23,1067.4,1073.4,1081.6,1067.1,-0.4
2010-08-24,1051.9,1063.2,1063.2,1046.7,-1.45
2010-08-25,1055.3,1049.0,1059.4,1039.8,0.32
2010-08-26,1047.2,1056.3,1061.5,1045.4,-0.77
2010-08-27,1064.6,1049.3,1065.2,1039.7,1.66
2010-08-30,1048.9,1062.9,1064.4,1048.8,-1.47
2010-08-31,1049.3,1046.9,1055.1,1040.9,0.04
2010-09-01,1080.3,1049.7,1081.3,1049.7,2.95
2010-09-02,1090.1,1080.7,1090.1,1080.4,0.91
2010-09-03,1104.5,1093.6,1105.1,1093.6,1.32
2010-09-07,1091.8,1102.6,1102.6,1091.2,-1.15
2010-09-08,1098.9,1092.4,1103.3,1092.4,0.65
2010-09-09,1104.2,1101.2,1110.3,1101.2,0.48
2010-09-10,1109.5,1104.6,1110.9,1103.9,0.48
2010-09-13,1121.9,1113.4,1123.9,1113.4,1.12
2010-09-14,1121.1,1121.2,1127.4,1115.6,-0.07
2010-09-15,1125.1,1119.4,1126.5,1114.6,0.36
2010-09-16,1124.7,1123.9,1125.4,1118.9,-0.04
2010-09-17,1125.6,1126.4,1131.5,1122.4,0.08
2010-09-20,1142.7,1126.6,1144.9,1126.6,1.52
2010-09-21,1139.8,1142.8,1148.6,1136.2,-0.25
2010-09-22,1134.3,1139.5,1144.4,1131.6,-0.48
2010-09-23,1124.8,1131.1,1136.8,1122.8,-0.84
2010-09-24,1148.7,1131.7,1148.9,1131.7,2.12
2010-09-27,1142.2,1148.6,1149.9,1142.0,-0.57
2010-09-28,1147.7,1142.3,1150.0,1132.1,0.48
2010-09-29,1144.7,1146.8,1148.6,1140.3,-0.26
2010-09-30,1141.2,1146.0,1157.2,1136.1,-0.31
2010-10-01,1146.2,1143.5,1150.3,1139.4,0.44
2010-10-04,1137.0,1145.0,1148.2,1131.9,-0.8
2010-10-05,1160.8,1140.7,1162.8,1140.7,2.09
2010-10-06,1160.0,1159.8,1162.3,1154.8,-0.07
2010-10-07,1158.1,1161.6,1163.9,1151.4,-0.16
2010-10-08,1165.2,1158.4,1167.7,1155.6,0.61
2010-10-11,1165.3,1165.3,1168.7,1162.0,0.01
2010-10-12,1169.8,1164.3,1172.6,1155.7,0.39
2010-10-13,1178.1,1171.3,1184.4,1171.3,0.71
2010-10-14,1173.8,1177.8,1178.9,1166.7,-0.36
2010-10-15,1176.2,1177.5,1181.2,1167.1,0.2
2010-10-18,1184.7,1176.8,1185.5,1174.5,0.72
2010-10-19,1165.9,1178.6,1178.6,1159.7,-1.59
2010-10-20,1178.2,1166.7,1182.9,1166.7,1.05
2010-10-21,1180.3,1179.8,1189.4,1171.2,0.18
2010-10-22,1183.1,1180.5,1183.9,1179.0,0.24
2010-10-25,1185.6,1184.7,1196.1,1184.7,0.21
2010-10-26,1185.6,1184.9,1187.1,1177.7,0.0
2010-10-27,1182.5,1183.8,1183.8,1171.7,-0.26
2010-10-28,1183.8,1184.5,1189.5,1177.1,0.11
2010-10-29,1183.3,1183.9,1185.5,1179.7,-0.04
2010-11-01,1184.4,1185.7,1195.8,1177.7,0.09
2010-11-02,1193.6,1187.9,1195.9,1187.9,0.78
2010-11-03,1198.0,1193.8,1198.3,1183.6,0.37
2010-11-04,1221.1,1198.3,1221.2,1198.3,1.93
2010-11-05,1225.8,1221.2,1227.1,1220.3,0.38
2010-11-08,1223.2,1223.2,1224.6,1217.5,-0.21
2010-11-09,1213.4,1223.6,1226.8,1208.9,-0.8
2010-11-10,1218.7,1213.1,1218.8,1204.3,0.44
2010-11-11,1213.5,1213.0,1215.5,1204.5,-0.43
2010-11-12,1199.2,1209.1,1210.5,1194.1,-1.18
2010-11-15,1197.8,1200.4,1207.4,1197.2,-0.12
2010-11-16,1178.3,1194.8,1194.8,1173.0,-1.63
2010-11-17,1178.6,1178.3,1183.6,1175.8,0.03
2010-11-18,1196.7,1183.8,1200.3,1183.8,1.54
2010-11-19,1199.7,1196.1,1200.0,1189.4,0.25
2010-11-22,1197.8,1198.1,1198.9,1184.6,-0.16
2010-11-23,1180.7,1192.5,1192.5,1176.9,-1.43
2010-11-24,1198.3,1183.7,1198.6,1183.7,1.49
2010-11-26,1189.4,1194.2,1194.2,1186.9,-0.74
2010-11-29,1187.8,1189.1,1190.3,1173.6,-0.13
2010-11-30,1180.5,1183.0,1187.4,1174.1,-0.61
2010-12-01,1206.1,1186.6,1207.6,1186.6,2.17
2010-12-02,1221.5,1206.8,1221.9,1206.8,1.28
2010-12-03,1224.7,1219.9,1225.6,1216.8,0.26
2010-12-06,1223.1,1223.9,1225.8,1220.7,-0.13
2010-12-07,1223.8,1227.2,1235.0,1223.2,0.06
2010-12-08,1228.3,1225.0,1228.9,1219.5,0.37
2010-12-09,1233.0,1230.1,1234.7,1226.8,0.38
2010-12-10,1240.4,1233.8,1240.4,1232.6,0.6
2010-12-13,1240.5,1242.5,1246.7,1240.3,0.01
2010-12-14,1241.6,1241.8,1246.6,1238.2,0.09
2010-12-15,1235.2,1241.6,1244.2,1234.0,-0.52
2010-12-16,1242.9,1236.3,1243.8,1232.8,0.62
2010-12-17,1243.9,1243.6,1245.8,1239.9,0.08
2010-12-20,1247.1,1245.8,1250.2,1241.5,0.26
2010-12-21,1254.6,1249.4,1255.8,1249.4,0.6
2010-12-22,1258.8,1254.9,1259.4,1254.9,0.33
2010-12-23,1256.8,1257.5,1258.6,1254.0,-0.16
2010-12-27,1257.5,1254.7,1258.4,1251.5,0.06
2010-12-28,1258.5,1259.1,1259.9,1256.2,0.08
2010-12-29,1259.8,1258.8,1262.6,1258.8,0.1
2010-12-30,1257.9,1259.4,1261.1,1256.3,-0.15
2010-12-31,1257.6,1256.8,1259.3,1254.2,-0.02
2011-01-03,1271.9,1257.6,1276.2,1257.6,1.14
2011-01-04,1270.2,1273.0,1274.1,1262.7,-0.13
2011-01-05,1276.6,1268.8,1277.6,1265.4,0.5
2011-01-06,1273.8,1276.3,1278.2,1270.4,-0.22
2011-01-07,1271.5,1274.4,1276.8,1261.7,-0.18
2011-01-10,1269.8,1270.8,1271.5,1262.2,-0.13
2011-01-11,1274.5,1272.6,1277.2,1269.6,0.37
2011-01-12,1286.0,1275.7,1286.9,1275.7,0.9
2011-01-13,1283.8,1285.8,1286.7,1280.5,-0.17
2011-01-14,1293.2,1282.9,1293.2,1281.2,0.73
2011-01-18,1295.0,1293.2,1296.1,1290.2,0.14
2011-01-19,1281.9,1294.5,1294.6,1278.9,-1.01
2011-01-20,1280.3,1280.8,1283.3,1271.3,-0.12
2011-01-21,1283.3,1283.6,1291.2,1282.1,0.23
2011-01-24,1290.8,1283.3,1291.9,1282.5,0.58
2011-01-25,1291.2,1288.2,1291.3,1281.1,0.03
2011-01-26,1296.6,1292.0,1299.7,1292.0,0.42
2011-01-27,1299.5,1297.5,1301.3,1294.4,0.22
2011-01-28,1276.3,1299.6,1302.7,1275.1,-1.79
2011-01-31,1286.1,1276.5,1287.2,1276.5,0.77
2011-02-01,1307.6,1289.1,1308.9,1289.1,1.67
2011-02-02,1304.0,1305.9,1307.6,1302.6,-0.28
2011-02-03,1307.1,1302.8,1308.6,1294.8,0.24
2011-02-04,1310.9,1307.0,1311.0,1301.7,0.29
2011-02-07,1319.0,1311.8,1322.8,1311.8,0.62
2011-02-08,1324.6,1318.8,1324.9,1316.0,0.42
2011-02-09,1320.9,1322.5,1324.5,1314.9,-0.28
2011-02-10,1321.9,1318.1,1322.8,1311.7,0.08
2011-02-11,1329.2,1318.7,1330.8,1316.1,0.55
2011-02-14,1332.3,1328.7,1333.0,1326.9,0.23
2011-02-15,1328.0,1330.4,1330.4,1324.6,-0.32
2011-02-16,1336.3,1329.5,1337.6,1329.5,0.63
2011-02-17,1340.4,1334.4,1341.5,1331.0,0.31
2011-02-18,1343.0,1340.4,1344.1,1338.1,0.19
2011-02-22,1315.4,1338.9,1338.9,1312.3,-2.06
2011-02-23,1307.4,1315.4,1317.9,1299.5,-0.61
2011-02-24,1306.1,1307.1,1310.9,1294.3,-0.1
2011-02-25,1319.9,1307.3,1320.6,1307.3,1.06
2011-02-28,1327.2,1321.6,1329.4,1320.5,0.55
2011-03-01,1306.3,1328.6,1332.1,1306.1,-1.57
2011-03-02,1308.4,1305.5,1314.2,1302.6,0.16
2011-03-03,1331.0,1312.4,1332.3,1312.4,1.73
2011-03-04,1321.2,1330.7,1331.1,1312.6,-0.74
2011-03-07,1310.1,1322.7,1327.7,1304.0,-0.84
2011-03-08,1321.8,1311.0,1325.7,1306.9,0.89
2011-03-09,1320.0,1319.9,1323.2,1312.3,-0.14
2011-03-10,1295.1,1315.7,1315.7,1294.2,-1.89
2011-03-11,1304.3,1293.4,1308.3,1292.0,0.71
2011-03-14,1296.4,1301.2,1301.2,1286.4,-0.61
2011-03-15,1281.9,1288.5,1288.5,1261.1,-1.12
2011-03-16,1256.9,1279.5,1280.9,1249.0,-1.95
2011-03-17,1273.7,1261.6,1278.9,1261.6,1.34
2011-03-18,1279.2,1276.7,1288.9,1276.2,0.43
2011-03-21,1298.4,1281.7,1300.6,1281.7,1.5
2011-03-22,1293.8,1298.3,1299.3,1292.7,-0.35
2011-03-23,1297.5,1292.2,1300.5,1284.0,0.29
2011-03-24,1309.7,1300.6,1311.3,1297.7,0.94
2011-03-25,1313.8,1311.8,1319.2,1310.2,0.31
2011-03-28,1310.2,1315.5,1319.7,1310.2,-0.27
2011-03-29,1319.4,1309.4,1319.5,1305.3,0.7
2011-03-30,1328.3,1321.9,1331.7,1321.9,0.67
2011-03-31,1325.8,1327.4,1329.8,1325.0,-0.19
2011-04-01,1332.4,1329.5,1337.8,1328.9,0.5
2011-04-04,1332.9,1333.6,1336.7,1329.1,0.04
2011-04-05,1332.6,1332.0,1338.2,1330.0,-0.02
2011-04-06,1335.5,1335.9,1339.4,1331.1,0.22
2011-04-07,1333.5,1334.8,1338.8,1326.6,-0.15
2011-04-08,1328.2,1336.2,1339.5,1322.9,-0.4
2011-04-11,1324.5,1329.0,1333.8,1321.1,-0.28
2011-04-12,1314.2,1322.0,1322.0,1309.5,-0.78
2011-04-13,1314.4,1314.0,1321.3,1309.2,0.02
2011-04-14,1314.5,1311.1,1316.8,1302.4,0.01
2011-04-15,1319.7,1314.5,1322.9,1313.7,0.4
2011-04-18,1305.1,1313.3,1313.3,1294.7,-1.11
2011-04-19,1312.6,1306.0,1312.7,1304.0,0.57
2011-04-20,1330.4,1319.1,1332.7,1319.1,1.36
2011-04-21,1337.4,1333.2,1337.5,1332.8,0.53
2011-04-25,1335.2,1337.1,1337.5,1331.5,-0.16
2011-04-26,1347.2,1336.8,1349.5,1336.8,0.9
2011-04-27,1355.7,1348.4,1357.5,1344.2,0.63
2011-04-28,1360.5,1353.9,1361.7,1353.6,0.35
2011-04-29,1363.6,1360.1,1364.6,1358.7,0.23
2011-05-02,1361.2,1365.2,1370.6,1358.6,-0.18
2011-05-03,1356.6,1359.8,1360.8,1349.5,-0.34
2011-05-04,1347.3,1355.9,1355.9,1341.5,-0.69
2011-05-05,1335.1,1344.2,1348.0,1329.2,-0.91
2011-05-06,1340.2,1340.2,1354.4,1335.6,0.38
2011-05-09,1346.3,1340.2,1349.4,1338.6,0.46
2011-05-10,1357.2,1348.3,1359.4,1348.3,0.81
2011-05-11,1342.1,1354.5,1354.5,1336.4,-1.11
2011-05-12,1348.7,1339.4,1351.0,1332.0,0.49
2011-05-13,1337.8,1348.7,1350.5,1333.4,-0.81
2011-05-16,1329.5,1334.8,1343.3,1327.3,-0.62
2011-05-17,1329.0,1326.1,1330.4,1318.5,-0.04
2011-05-18,1340.7,1328.5,1341.8,1326.6,0.88
2011-05-19,1343.6,1342.4,1346.8,1336.4,0.22
2011-05-20,1333.3,1342.0,1342.0,1330.7,-0.77
2011-05-23,1317.4,1333.1,1333.1,1312.9,-1.19
2011-05-24,1316.3,1317.7,1323.7,1313.9,-0.08
2011-05-25,1320.5,1316.4,1325.9,1311.8,0.32
2011-05-26,1325.7,1320.6,1328.5,1314.4,0.39
2011-05-27,1331.1,1325.7,1334.6,1325.7,0.41
2011-05-31,1345.2,1331.1,1345.2,1331.1,1.06
2011-06-01,1314.5,1345.2,1345.2,1313.7,-2.28
2011-06-02,1312.9,1314.5,1318.0,1305.6,-0.12
2011-06-03,1300.2,1312.9,1312.9,1297.9,-0.97
2011-06-06,1286.2,1300.3,1300.3,1284.7,-1.08
2011-06-07,1284.9,1286.3,1296.2,1284.7,-0.1
2011-06-08,1279.6,1284.6,1287.0,1277.4,-0.41
2011-06-09,1289.0,1279.6,1294.5,1279.6,0.73
2011-06-10,1271.0,1288.6,1288.6,1268.3,-1.4
2011-06-13,1271.8,1271.3,1277.0,1265.6,0.06
2011-06-14,1287.9,1272.2,1292.5,1272.2,1.27
2011-06-15,1265.4,1287.9,1287.9,1261.9,-1.75
2011-06-16,1267.6,1265.5,1274.1,1258.1,0.17
2011-06-17,1271.5,1268.6,1279.8,1267.4,0.31
2011-06-20,1278.4,1271.5,1280.4,1267.6,0.54
2011-06-21,1295.5,1278.4,1297.6,1278.4,1.34
2011-06-22,1287.1,1295.5,1298.6,1286.8,-0.65
2011-06-23,1283.5,1286.6,1286.6,1262.9,-0.28
2011-06-24,1268.5,1283.0,1283.9,1267.2,-1.17
2011-06-27,1280.1,1268.4,1284.9,1267.5,0.91
2011-06-28,1296.7,1280.2,1296.8,1280.2,1.3
2011-06-29,1307.4,1296.8,1309.2,1296.8,0.83
2011-06-30,1320.6,1307.6,1322.0,1307.6,1.01
2011-07-01,1339.7,1320.6,1341.0,1318.2,1.45
2011-07-05,1337.9,1339.6,1340.9,1334.3,-0.13
2011-07-06,1339.2,1337.6,1340.9,1330.9,0.1
2011-07-07,1353.2,1339.6,1356.5,1339.6,1.05
2011-07-08,1343.8,1352.4,1352.4,1333.7,-0.69
2011-07-11,1319.5,1343.3,1343.3,1316.4,-1.81
2011-07-12,1313.6,1319.6,1327.2,1313.3,-0.45
2011-07-13,1317.7,1314.5,1331.5,1314.5,0.31
2011-07-14,1308.9,1317.7,1326.9,1306.5,-0.67
2011-07-15,1316.1,1308.9,1317.7,1307.5,0.55
2011-07-18,1305.4,1315.9,1315.9,1295.9,-0.81
2011-07-19,1326.7,1307.1,1328.1,1307.1,1.63
2011-07-20,1325.8,1328.7,1330.4,1323.7,-0.07
2011-07-21,1343.8,1325.7,1347.0,1325.7,1.36
2011-07-22,1345.0,1343.8,1346.1,1337.0,0.09
2011-07-25,1337.4,1344.3,1344.3,1331.1,-0.57
2011-07-26,1331.9,1337.4,1338.5,1329.6,-0.41
2011-07-27,1304.9,1331.9,1331.9,1303.5,-2.03
2011-07-28,1300.7,1304.8,1316.3,1299.2,-0.32
2011-07-29,1292.3,1300.1,1304.2,1282.9,-0.65
2011-08-01,1286.9,1292.6,1307.4,1274.7,-0.42
2011-08-02,1254.0,1286.6,1286.6,1254.0,-2.56
2011-08-03,1260.3,1254.2,1261.2,1234.6,0.5
2011-08-04,1200.1,1260.2,1260.2,1199.5,-4.78
2011-08-05,1199.4,1200.3,1218.1,1168.1,-0.06
2011-08-08,1119.5,1198.5,1198.5,1119.3,-6.66
2011-08-09,1172.5,1120.2,1172.9,1101.5,4.73
2011-08-10,1120.8,1171.8,1171.8,1118.0,-4.41
2011-08-11,1172.6,1121.3,1186.3,1121.3,4.62
2011-08-12,1178.8,1172.9,1189.0,1170.7,0.53
2011-08-15,1204.5,1178.9,1204.5,1178.9,2.18
2011-08-16,1192.8,1204.2,1204.2,1180.5,-0.97
2011-08-17,1193.9,1192.9,1208.5,1184.4,0.09
2011-08-18,1140.7,1189.6,1189.6,1131.0,-4.46
2011-08-19,1123.5,1140.5,1154.5,1122.0,-1.51
2011-08-22,1123.8,1123.5,1145.5,1121.1,0.03
2011-08-23,1162.3,1124.4,1162.3,1122.9,3.43
2011-08-24,1177.6,1162.2,1178.6,1156.3,1.32
2011-08-25,1159.3,1176.7,1190.7,1155.5,-1.55
2011-08-26,1176.8,1158.8,1181.2,1135.9,1.51
2011-08-29,1210.1,1177.9,1210.3,1177.9,2.83
2011-08-30,1212.9,1209.8,1220.1,1195.8,0.23
2011-08-31,1218.9,1213.0,1230.7,1209.3,0.49
2011-09-01,1204.4,1219.1,1229.3,1203.8,-1.19
2011-09-02,1174.0,1203.9,1203.9,1170.6,-2.52
2011-09-06,1165.2,1174.0,1174.0,1140.1,-0.75
2011-09-07,1198.6,1165.8,1198.6,1165.8,2.87
2011-09-08,1185.9,1198.0,1204.4,1183.3,-1.06
2011-09-09,1154.2,1185.4,1185.4,1148.4,-2.67
2011-09-12,1162.3,1153.5,1162.5,1136.1,0.7
2011-09-13,1172.9,1162.6,1176.4,1157.4,0.91
2011-09-14,1188.7,1173.3,1202.4,1162.7,1.35
2011-09-15,1209.1,1189.4,1209.1,1189.4,1.72
2011-09-16,1216.0,1209.2,1220.1,1204.5,0.57
2011-09-19,1204.1,1215.0,1215.0,1188.4,-0.98
2011-09-20,1202.1,1204.5,1220.4,1201.3,-0.17
2011-09-21,1166.8,1203.6,1206.3,1166.2,-2.94
2011-09-22,1129.6,1164.5,1164.5,1114.2,-3.19
2011-09-23,1136.4,1128.8,1141.7,1121.4,0.6
2011-09-26,1163.0,1136.9,1164.2,1131.1,2.34
2011-09-27,1175.4,1163.3,1195.9,1163.3,1.07
2011-09-28,1151.1,1175.4,1184.7,1150.4,-2.07
2011-09-29,1160.4,1151.7,1175.9,1139.9,0.81
2011-09-30,1131.4,1159.9,1159.9,1131.3,-2.5
2011-10-03,1099.2,1131.2,1139.0,1098.9,-2.85
2011-10-04,1124.0,1097.4,1125.1,1074.8,2.26
2011-10-05,1144.0,1124.0,1146.1,1115.7,1.78
2011-10-06,1165.0,1144.1,1165.5,1135.0,1.84
2011-10-07,1155.5,1165.0,1171.4,1150.3,-0.82
2011-10-10,1194.9,1158.2,1194.9,1158.2,3.41
2011-10-11,1195.5,1194.6,1199.2,1187.3,0.05
2011-10-12,1207.2,1196.2,1220.2,1196.2,0.98
2011-10-13,1203.7,1207.0,1207.5,1190.6,-0.29
2011-10-14,1224.6,1205.7,1224.6,1205.7,1.74
2011-10-17,1200.9,1224.5,1224.5,1198.5,-1.94
2011-10-18,1225.4,1200.8,1233.1,1191.5,2.04
2011-10-19,1209.9,1223.5,1229.6,1206.3,-1.26
2011-10-20,1215.4,1211.1,1219.5,1197.3,0.45
2011-10-21,1238.2,1215.4,1239.0,1215.4,1.88
2011-10-24,1254.2,1238.7,1256.5,1238.7,1.29
2011-10-25,1229.0,1254.2,1254.2,1226.8,-2.01
2011-10-26,1242.0,1229.2,1246.3,1221.1,1.06
2011-10-27,1284.6,1244.0,1292.7,1244.0,3.43
2011-10-28,1285.1,1284.4,1287.1,1277.0,0.04
2011-10-31,1253.3,1285.0,1285.0,1253.2,-2.47
2011-11-01,1218.3,1251.0,1251.0,1215.4,-2.79
2011-11-02,1237.9,1219.6,1242.5,1219.6,1.61
2011-11-03,1261.2,1238.2,1263.2,1234.8,1.88
2011-11-04,1253.2,1260.8,1260.8,1238.9,-0.63
2011-11-07,1261.1,1253.2,1261.7,1240.8,0.63
2011-11-08,1275.9,1261.1,1277.5,1255.0,1.17
2011-11-09,1229.1,1275.2,1275.2,1226.6,-3.67
2011-11-10,1239.7,1229.6,1246.2,1227.7,0.86
2011-11-11,1263.8,1240.1,1267.0,1240.1,1.94
2011-11-14,1251.8,1263.8,1263.8,1246.7,-0.95
2011-11-15,1257.8,1251.7,1264.2,1244.3,0.48
2011-11-16,1236.9,1257.8,1259.6,1235.7,-1.66
2011-11-17,1216.1,1236.6,1237.7,1209.4,-1.68
2011-11-18,1215.7,1216.2,1223.5,1211.4,-0.03
2011-11-21,1193.0,1215.6,1215.6,1183.2,-1.87
2011-11-22,1188.0,1193.0,1196.8,1181.7,-0.42
2011-11-23,1161.8,1187.5,1187.5,1161.8,-2.21
2011-11-25,1158.7,1161.4,1172.7,1158.7,-0.27
2011-11-28,1192.5,1158.7,1197.3,1158.7,2.92
2011-11-29,1195.2,1192.6,1203.7,1191.8,0.23
2011-11-30,1247.0,1196.7,1247.1,1196.7,4.33
2011-12-01,1244.6,1246.9,1251.1,1239.7,-0.19
2011-12-02,1244.3,1246.0,1260.1,1243.3,-0.02
2011-12-05,1257.1,1244.3,1266.7,1244.3,1.03
2011-12-06,1258.5,1257.2,1266.0,1253.0,0.11
2011-12-07,1261.0,1258.1,1267.1,1244.8,0.2
2011-12-08,1234.3,1260.9,1260.9,1231.5,-2.12
2011-12-09,1255.2,1234.5,1258.2,1234.5,1.69
2011-12-12,1236.5,1255.0,1255.0,1227.2,-1.49
2011-12-13,1225.7,1236.8,1249.9,1219.4,-0.87
2011-12-14,1211.8,1225.7,1225.7,1209.5,-1.13
2011-12-15,1215.8,1212.1,1225.6,1212.1,0.33
2011-12-16,1219.7,1216.1,1231.0,1215.2,0.32
2011-12-19,1205.3,1219.7,1224.6,1202.4,-1.18
2011-12-20,1241.3,1205.7,1242.8,1205.7,2.99
2011-12-21,1243.7,1241.2,1245.1,1229.5,0.19
2011-12-22,1254.0,1243.7,1255.2,1243.7,0.83
2011-12-23,1265.3,1254.0,1265.4,1254.0,0.9
2011-12-27,1265.4,1265.0,1269.4,1262.3,0.01
2011-12-28,1249.6,1265.4,1265.8,1248.6,-1.25
2011-12-29,1263.0,1249.8,1263.5,1249.8,1.07
2011-12-30,1257.6,1262.8,1264.1,1257.5,-0.43
2012-01-03,1277.1,1258.9,1284.6,1258.9,1.55
2012-01-04,1277.3,1277.0,1278.7,1268.1,0.02
2012-01-05,1281.1,1277.3,1283.0,1265.3,0.3
2012-01-06,1277.8,1280.9,1281.8,1273.3,-0.26
2012-01-09,1280.7,1277.8,1282.0,1274.5,0.23
2012-01-10,1292.1,1280.8,1296.5,1280.8,0.89
2012-01-11,1292.5,1292.0,1293.8,1285.4,0.03
2012-01-12,1295.5,1292.5,1296.8,1285.8,0.23
2012-01-13,1289.1,1294.8,1294.8,1277.6,-0.49
2012-01-17,1293.7,1290.2,1303.0,1290.2,0.36
2012-01-18,1308.0,1293.7,1308.1,1291.0,1.11
2012-01-19,1314.5,1308.1,1315.5,1308.1,0.5
2012-01-20,1315.4,1314.5,1315.4,1309.2,0.07
2012-01-23,1316.0,1315.3,1322.3,1309.9,0.05
2012-01-24,1314.7,1316.0,1316.0,1306.1,-0.1
2012-01-25,1326.0,1314.4,1328.3,1307.7,0.86
2012-01-26,1318.4,1326.3,1333.5,1313.6,-0.57
2012-01-27,1316.3,1318.2,1320.1,1311.7,-0.16
2012-01-30,1313.0,1316.2,1316.2,1300.5,-0.25
2012-01-31,1312.4,1313.5,1321.4,1306.7,-0.05
2012-02-01,1324.1,1312.5,1330.5,1312.5,0.89
2012-02-02,1325.5,1324.2,1329.2,1321.6,0.11
2012-02-03,1344.9,1326.2,1345.3,1326.2,1.46
2012-02-06,1344.3,1344.3,1344.4,1337.5,-0.04
2012-02-07,1347.0,1344.3,1349.2,1335.9,0.2
2012-02-08,1350.0,1347.0,1351.0,1342.0,0.22
2012-02-09,1352.0,1350.0,1354.3,1344.6,0.15
2012-02-10,1342.6,1351.2,1351.2,1337.3,-0.7
2012-02-13,1351.8,1343.1,1353.3,1343.1,0.69
2012-02-14,1350.5,1351.3,1351.3,1340.8,-0.1
2012-02-15,1343.2,1350.5,1355.9,1340.8,-0.54
2012-02-16,1358.0,1342.6,1359.0,1341.2,1.1
2012-02-17,1361.2,1358.1,1363.4,1357.2,0.24
2012-02-21,1362.2,1361.2,1367.8,1358.1,0.07
2012-02-22,1357.7,1362.1,1362.7,1355.5,-0.33
2012-02-23,1363.5,1357.5,1364.2,1352.3,0.43
2012-02-24,1365.7,1363.5,1368.9,1363.5,0.16
2012-02-27,1367.6,1365.2,1371.9,1354.9,0.14
2012-02-28,1372.2,1367.6,1373.1,1366.0,0.34
2012-02-29,1365.7,1372.2,1378.0,1363.8,-0.47
2012-03-01,1374.1,1365.9,1376.2,1365.9,0.62
2012-03-02,1369.6,1374.1,1374.5,1366.4,-0.33
2012-03-05,1364.3,1369.6,1369.6,1359.1,-0.39
2012-03-06,1343.4,1363.6,1363.6,1340.0,-1.53
2012-03-07,1352.6,1343.4,1354.8,1343.4,0.68
2012-03-08,1365.9,1352.7,1368.7,1352.7,0.98
2012-03-09,1370.9,1366.0,1374.8,1366.0,0.37
2012-03-12,1371.1,1370.8,1373.0,1366.7,0.01
2012-03-13,1396.0,1371.9,1396.1,1371.9,1.82
2012-03-14,1394.3,1396.0,1399.4,1390.0,-0.12
2012-03-15,1402.6,1394.2,1402.6,1392.8,0.6
2012-03-16,1404.2,1402.5,1405.9,1401.5,0.11
2012-03-19,1409.8,1404.2,1414.0,1402.4,0.4
2012-03-20,1405.5,1409.6,1409.6,1397.7,-0.31
2012-03-21,1402.9,1405.5,1407.8,1400.6,-0.18
2012-03-22,1392.8,1402.9,1402.9,1388.7,-0.72
2012-03-23,1397.1,1392.8,1399.2,1386.9,0.31
2012-03-26,1416.5,1397.1,1416.6,1397.1,1.39
2012-03-27,1412.5,1416.5,1419.2,1412.0,-0.28
2012-03-28,1405.5,1412.5,1413.7,1397.2,-0.5
2012-03-29,1403.3,1405.4,1405.4,1391.6,-0.16
2012-03-30,1408.5,1403.3,1410.9,1401.4,0.37
2012-04-02,1419.0,1408.5,1422.4,1404.5,0.75
2012-04-03,1413.4,1419.0,1419.0,1404.6,-0.39
2012-04-04,1399.0,1413.1,1413.1,1394.1,-1.02
2012-04-05,1398.1,1398.8,1401.6,1392.9,-0.06
2012-04-09,1382.2,1397.5,1397.5,1378.2,-1.14
2012-04-10,1358.6,1382.2,1383.0,1357.4,-1.71
2012-04-11,1368.7,1359.0,1374.7,1359.0,0.74
2012-04-12,1387.6,1368.8,1388.1,1368.8,1.38
2012-04-13,1370.3,1387.6,1387.6,1369.8,-1.25
2012-04-16,1369.6,1370.3,1379.7,1365.4,-0.05
2012-04-17,1390.8,1369.6,1392.8,1369.6,1.55
2012-04-18,1385.1,1390.8,1390.8,1383.3,-0.41
2012-04-19,1376.9,1385.1,1390.5,1370.3,-0.59
2012-04-20,1378.5,1377.0,1387.4,1377.0,0.12
2012-04-23,1366.9,1378.5,1378.5,1358.8,-0.84
2012-04-24,1372.0,1367.0,1375.6,1366.8,0.37
2012-04-25,1390.7,1372.1,1391.4,1372.1,1.36
2012-04-26,1400.0,1390.6,1402.1,1387.3,0.67
2012-04-27,1403.4,1400.2,1406.6,1397.3,0.24
2012-04-30,1397.9,1403.3,1403.3,1394.0,-0.39
2012-05-01,1405.8,1397.9,1415.3,1395.7,0.57
2012-05-02,1402.3,1405.5,1405.5,1393.9,-0.25
2012-05-03,1391.6,1402.3,1403.1,1388.7,-0.76
2012-05-04,1369.1,1391.5,1391.5,1368.0,-1.62
2012-05-07,1369.6,1368.8,1373.9,1363.9,0.04
2012-05-08,1363.7,1369.2,1369.2,1347.8,-0.43
2012-05-09,1354.6,1363.2,1363.7,1343.1,-0.67
2012-05-10,1358.0,1354.6,1365.9,1354.6,0.25
2012-05-11,1353.4,1358.1,1365.7,1348.9,-0.34
2012-05-14,1338.3,1351.9,1351.9,1336.6,-1.12
2012-05-15,1330.7,1338.4,1344.9,1328.4,-0.57
2012-05-16,1324.8,1330.8,1341.8,1324.8,-0.44
2012-05-17,1304.9,1324.8,1326.4,1304.9,-1.5
2012-05-18,1295.2,1305.0,1312.2,1292.0,-0.74
2012-05-21,1316.0,1295.7,1316.4,1295.7,1.61
2012-05-22,1316.6,1316.1,1328.5,1310.0,0.05
2012-05-23,1318.9,1316.0,1320.7,1296.5,0.17
2012-05-24,1320.7,1318.7,1324.1,1310.5,0.14
2012-05-25,1317.8,1320.8,1324.2,1314.2,-0.22
2012-05-29,1332.4,1318.9,1334.9,1318.9,1.11
2012-05-30,1313.3,1331.2,1331.2,1310.8,-1.43
2012-05-31,1310.3,1313.1,1319.7,1298.9,-0.23
2012-06-01,1278.0,1309.9,1309.9,1277.2,-2.47
2012-06-04,1278.2,1278.3,1282.5,1266.7,0.02
2012-06-05,1285.5,1277.8,1287.6,1274.2,0.57
2012-06-06,1315.1,1285.6,1315.1,1285.6,2.3
2012-06-07,1315.0,1316.2,1329.0,1312.7,-0.01
2012-06-08,1325.7,1315.0,1325.8,1307.8,0.81
2012-06-11,1308.9,1325.7,1335.5,1307.7,-1.27
2012-06-12,1324.2,1309.4,1324.3,1306.6,1.17
2012-06-13,1314.9,1324.0,1327.3,1310.5,-0.7
2012-06-14,1329.1,1314.9,1333.7,1314.1,1.08
2012-06-15,1342.8,1329.2,1343.3,1329.2,1.03
2012-06-18,1344.8,1342.4,1348.2,1334.5,0.15
2012-06-19,1358.0,1344.8,1363.5,1344.8,0.98
2012-06-20,1355.7,1358.0,1361.6,1346.5,-0.17
2012-06-21,1325.5,1355.4,1358.3,1324.4,-2.23
2012-06-22,1335.0,1325.9,1337.8,1325.9,0.72
2012-06-25,1313.7,1334.9,1334.9,1309.3,-1.6
2012-06-26,1320.0,1314.1,1324.2,1310.3,0.48
2012-06-27,1331.8,1320.7,1334.4,1320.7,0.89
2012-06-28,1329.0,1331.5,1331.5,1313.3,-0.21
2012-06-29,1362.2,1330.1,1362.2,1330.1,2.5
2012-07-02,1365.5,1362.3,1366.3,1355.7,0.24
2012-07-03,1374.0,1365.8,1374.8,1363.5,0.62
2012-07-05,1367.6,1373.7,1373.8,1363.0,-0.47
2012-07-06,1354.7,1367.1,1367.1,1348.0,-0.94
2012-07-09,1352.5,1354.7,1354.9,1346.7,-0.16
2012-07-10,1341.5,1353.0,1361.5,1336.3,-0.81
2012-07-11,1341.5,1341.4,1345.0,1333.2,0.0
2012-07-12,1334.8,1341.3,1341.3,1325.4,-0.5
2012-07-13,1356.8,1334.8,1357.7,1334.8,1.65
2012-07-16,1353.6,1356.5,1357.3,1348.5,-0.24
2012-07-17,1363.7,1353.7,1365.4,1345.1,0.75
2012-07-18,1372.8,1363.6,1375.3,1359.0,0.67
2012-07-19,1376.5,1373.0,1380.4,1371.2,0.27
2012-07-20,1362.7,1376.5,1376.5,1362.2,-1.0
2012-07-23,1350.5,1362.3,1362.3,1337.6,-0.9
2012-07-24,1338.3,1350.5,1351.5,1329.2,-0.9
2012-07-25,1337.9,1338.3,1344.0,1331.5,-0.03
2012-07-26,1360.0,1338.2,1363.1,1338.2,1.65
2012-07-27,1386.0,1360.0,1389.2,1360.0,1.91
2012-07-30,1385.3,1385.9,1391.7,1381.4,-0.05
2012-07-31,1379.3,1385.3,1387.2,1379.2,-0.43
2012-08-01,1375.1,1379.3,1385.0,1373.3,-0.3
2012-08-02,1365.0,1375.1,1375.1,1354.7,-0.73
2012-08-03,1391.0,1365.5,1394.2,1365.5,1.9
2012-08-06,1394.2,1391.0,1399.6,1391.0,0.23
2012-08-07,1401.3,1394.5,1407.1,1394.5,0.51
2012-08-08,1402.2,1401.2,1404.1,1396.1,0.06
2012-08-09,1402.8,1402.3,1406.0,1398.8,0.04
2012-08-10,1405.9,1402.6,1406.0,1395.6,0.22
2012-08-13,1404.1,1405.9,1405.9,1397.3,-0.13
2012-08-14,1403.9,1404.4,1410.0,1400.6,-0.01
2012-08-15,1405.5,1403.9,1407.7,1401.8,0.11
2012-08-16,1415.5,1406.6,1417.4,1404.2,0.71
2012-08-17,1418.2,1415.8,1418.7,1414.7,0.19
2012-08-20,1418.1,1417.8,1418.1,1412.1,-0.01
2012-08-21,1413.2,1418.1,1426.7,1410.9,-0.35
2012-08-22,1413.5,1413.1,1416.1,1406.8,0.02
2012-08-23,1402.1,1413.5,1413.5,1400.5,-0.81
2012-08-24,1411.1,1402.0,1413.5,1398.0,0.64
2012-08-27,1410.4,1411.1,1416.2,1409.1,-0.05
2012-08-28,1409.3,1410.4,1413.6,1405.6,-0.08
2012-08-29,1410.5,1409.3,1414.0,1406.6,0.09
2012-08-30,1399.5,1410.1,1410.1,1397.0,-0.78
2012-08-31,1406.6,1400.1,1413.1,1399.0,0.51
2012-09-04,1404.9,1406.5,1409.3,1396.6,-0.12
2012-09-05,1403.4,1404.9,1408.8,1401.2,-0.11
2012-09-06,1432.1,1403.4,1432.1,1403.4,2.05
2012-09-07,1437.9,1432.1,1437.9,1431.5,0.41
2012-09-10,1429.1,1437.9,1438.7,1429.0,-0.61
2012-09-11,1433.6,1429.1,1437.8,1429.1,0.31
2012-09-12,1436.6,1433.6,1439.2,1433.0,0.21
2012-09-13,1460.0,1436.6,1463.8,1435.3,1.63
2012-09-14,1465.8,1460.1,1474.5,1460.1,0.4
2012-09-17,1461.2,1465.4,1465.6,1457.5,-0.31
2012-09-18,1459.3,1461.2,1461.5,1456.1,-0.13
2012-09-19,1461.0,1459.5,1465.2,1457.9,0.12
2012-09-20,1460.3,1461.0,1461.2,1450.0,-0.05
2012-09-21,1460.2,1460.3,1467.1,1459.5,-0.01
2012-09-24,1456.9,1459.8,1460.7,1452.1,-0.23
2012-09-25,1441.6,1456.9,1463.2,1441.6,-1.05
2012-09-26,1433.3,1441.6,1441.6,1430.5,-0.58
2012-09-27,1447.2,1433.4,1450.2,1433.4,0.97
2012-09-28,1440.7,1447.1,1447.1,1435.6,-0.45
2012-10-01,1444.5,1440.9,1457.1,1440.9,0.26
2012-10-02,1445.8,1445.0,1451.5,1439.0,0.09
2012-10-03,1451.0,1446.0,1454.3,1442.0,0.36
2012-10-04,1461.4,1451.1,1463.1,1451.1,0.72
2012-10-05,1460.9,1461.4,1471.0,1456.9,-0.03
2012-10-08,1455.9,1460.9,1460.9,1453.1,-0.34
2012-10-09,1441.5,1455.9,1455.9,1441.2,-0.99
2012-10-10,1432.6,1441.5,1442.5,1430.6,-0.62
2012-10-11,1432.8,1432.8,1443.9,1432.8,0.01
2012-10-12,1428.6,1432.8,1438.4,1425.5,-0.29
2012-10-15,1440.1,1428.8,1441.3,1427.2,0.8
2012-10-16,1454.9,1440.3,1455.5,1440.3,1.03
2012-10-17,1460.9,1454.2,1462.2,1453.3,0.41
2012-10-18,1457.3,1460.9,1464.0,1452.6,-0.25
2012-10-19,1433.2,1457.3,1457.3,1429.8,-1.65
2012-10-22,1433.8,1433.2,1435.5,1422.1,0.04
2012-10-23,1413.1,1433.7,1433.7,1407.6,-1.44
2012-10-24,1408.8,1413.2,1420.0,1407.1,-0.3
2012-10-25,1413.0,1409.7,1421.1,1405.1,0.3
2012-10-26,1411.9,1413.0,1417.1,1403.3,-0.08
2012-10-31,1412.2,1411.0,1418.8,1406.0,0.02
2012-11-01,1427.6,1412.2,1428.3,1412.2,1.09
2012-11-02,1414.2,1427.6,1434.3,1412.9,-0.94
2012-11-05,1417.3,1414.0,1419.9,1408.1,0.22
2012-11-06,1428.4,1417.3,1433.4,1417.3,0.78
2012-11-07,1394.5,1428.3,1428.3,1388.1,-2.37
2012-11-08,1377.5,1394.5,1401.2,1377.5,-1.22
2012-11-09,1379.8,1377.5,1391.4,1373.0,0.17
2012-11-12,1380.0,1379.9,1384.9,1377.2,0.01
2012-11-13,1374.5,1380.0,1388.8,1371.4,-0.4
2012-11-14,1355.5,1374.6,1380.1,1352.5,-1.38
2012-11-15,1353.3,1355.4,1360.6,1348.0,-0.16
2012-11-16,1359.9,1353.4,1362.0,1343.3,0.49
2012-11-19,1386.9,1359.9,1386.9,1359.9,1.99
2012-11-20,1387.8,1386.8,1389.8,1377.0,0.06
2012-11-21,1391.0,1387.8,1391.2,1386.4,0.23
2012-11-23,1409.2,1391.0,1409.2,1391.0,1.31
2012-11-26,1406.3,1409.2,1409.2,1397.7,-0.21
2012-11-27,1398.9,1406.3,1409.0,1398.0,-0.53
2012-11-28,1409.9,1398.8,1410.3,1385.4,0.79
2012-11-29,1416.0,1410.0,1419.7,1409.0,0.43
2012-11-30,1416.2,1416.0,1418.9,1411.6,0.01
2012-12-03,1409.5,1416.3,1423.7,1408.5,-0.47
2012-12-04,1407.0,1409.5,1413.1,1403.7,-0.18
2012-12-05,1409.3,1407.0,1415.6,1398.2,0.16
2012-12-06,1413.9,1409.4,1414.0,1405.9,0.33
2012-12-07,1418.1,1414.0,1420.3,1410.9,0.3
2012-12-10,1418.5,1418.1,1421.6,1415.6,0.03
2012-12-11,1427.8,1418.5,1434.3,1418.5,0.66
2012-12-12,1428.5,1427.8,1438.6,1426.8,0.05
2012-12-13,1419.5,1428.5,1431.4,1416.0,-0.63
2012-12-14,1413.6,1419.5,1419.5,1411.9,-0.42
2012-12-17,1430.4,1413.5,1430.7,1413.5,1.19
2012-12-18,1446.8,1430.5,1448.0,1430.5,1.15
2012-12-19,1435.8,1446.8,1447.8,1435.8,-0.76
2012-12-20,1443.7,1435.8,1443.7,1432.8,0.55
2012-12-21,1430.2,1443.7,1443.7,1422.6,-0.94
2012-12-24,1426.7,1430.2,1430.2,1424.7,-0.24
2012-12-26,1419.8,1426.7,1429.4,1416.4,-0.48
2012-12-27,1418.1,1419.8,1422.8,1401.8,-0.12
2012-12-28,1402.4,1418.1,1418.1,1401.6,-1.11
2012-12-31,1426.2,1402.4,1426.7,1398.1,1.7
2013-01-02,1462.4,1426.2,1462.4,1426.2,2.54
2013-01-03,1459.4,1462.4,1465.5,1455.5,-0.21
2013-01-04,1466.5,1459.4,1467.9,1459.0,0.49
2013-01-07,1461.9,1466.5,1466.5,1456.6,-0.31
2013-01-08,1457.2,1461.9,1461.9,1451.6,-0.32
2013-01-09,1461.0,1457.2,1464.7,1457.2,0.26
2013-01-10,1472.1,1464.6,1472.3,1461.0,0.76
2013-01-11,1472.0,1472.1,1472.8,1467.6,-0.01
2013-01-14,1470.7,1472.0,1472.0,1465.7,-0.09
2013-01-15,1472.3,1470.7,1473.3,1463.8,0.11
2013-01-16,1472.6,1472.3,1474.0,1467.6,0.02
2013-01-17,1480.9,1472.6,1485.2,1472.6,0.56
2013-01-18,1486.0,1481.0,1486.0,1475.8,0.34
2013-01-22,1492.6,1486.0,1492.6,1481.2,0.44
2013-01-23,1494.8,1492.6,1496.1,1489.9,0.15
2013-01-24,1494.8,1494.8,1502.3,1489.5,0.0
2013-01-25,1503.0,1494.8,1503.3,1494.8,0.55
2013-01-28,1500.2,1503.0,1503.2,1496.3,-0.19
2013-01-29,1507.8,1500.2,1509.3,1498.1,0.51
2013-01-30,1502.0,1507.8,1509.9,1500.1,-0.38
2013-01-31,1498.1,1502.0,1504.2,1496.8,-0.26
2013-02-01,1513.2,1498.1,1514.4,1498.1,1.01
2013-02-04,1495.7,1513.2,1513.2,1495.0,-1.16
2013-02-05,1511.3,1495.7,1515.0,1495.7,1.04
2013-02-06,1512.1,1511.3,1512.5,1504.7,0.05
2013-02-07,1509.4,1512.1,1512.9,1498.5,-0.18
2013-02-08,1517.9,1509.4,1518.3,1509.4,0.56
2013-02-11,1517.0,1517.9,1518.3,1513.6,-0.06
2013-02-12,1519.4,1517.0,1522.3,1515.6,0.16
2013-02-13,1520.3,1519.4,1524.7,1515.9,0.06
2013-02-14,1521.4,1520.3,1523.1,1514.0,0.07
2013-02-15,1519.8,1521.4,1524.2,1514.1,-0.11
2013-02-19,1530.9,1519.8,1530.9,1519.8,0.73
2013-02-20,1512.0,1530.9,1530.9,1511.4,-1.23
2013-02-21,1502.4,1512.0,1512.0,1497.3,-0.63
2013-02-22,1515.6,1502.4,1515.6,1502.4,0.88
2013-02-25,1487.8,1515.6,1525.8,1487.8,-1.83
2013-02-26,1496.9,1487.8,1499.0,1485.0,0.61
2013-02-27,1516.0,1496.9,1520.1,1494.9,1.28
2013-02-28,1514.7,1516.0,1525.3,1514.5,-0.09
2013-03-01,1518.2,1514.7,1520.0,1501.5,0.23
2013-03-04,1525.2,1518.2,1525.3,1512.3,0.46
2013-03-05,1539.8,1525.2,1543.5,1525.2,0.96
2013-03-06,1541.5,1539.8,1545.2,1538.1,0.11
2013-03-07,1544.3,1541.5,1545.8,1541.5,0.18
2013-03-08,1551.2,1544.3,1552.5,1542.9,0.45
2013-03-11,1556.2,1551.2,1556.3,1547.4,0.32
2013-03-12,1552.5,1556.2,1556.8,1548.2,-0.24
2013-03-13,1554.5,1552.5,1556.4,1548.2,0.13
2013-03-14,1563.2,1554.5,1563.3,1554.5,0.56
2013-03-15,1560.7,1563.2,1563.6,1555.7,-0.16
2013-03-18,1552.1,1560.7,1560.7,1545.1,-0.55
2013-03-19,1548.3,1552.1,1557.2,1538.6,-0.24
2013-03-20,1558.7,1548.3,1561.6,1548.3,0.67
2013-03-21,1545.8,1558.7,1558.7,1543.5,-0.83
2013-03-22,1556.9,1545.9,1557.7,1545.9,0.72
2013-03-25,1551.7,1556.9,1564.9,1546.2,-0.33
2013-03-26,1563.8,1551.7,1564.0,1551.7,0.78
2013-03-27,1562.8,1563.8,1564.1,1551.9,-0.06
2013-03-28,1569.2,1562.9,1570.3,1561.1,0.41
2013-04-01,1562.2,1569.2,1570.6,1558.5,-0.45
2013-04-02,1570.2,1562.2,1573.7,1562.2,0.51
2013-04-03,1553.7,1570.2,1571.5,1549.8,-1.05
2013-04-04,1560.0,1553.7,1562.6,1552.5,0.41
2013-04-05,1553.3,1560.0,1560.0,1539.5,-0.43
2013-04-08,1563.1,1553.3,1563.1,1548.6,0.63
2013-04-09,1568.6,1563.1,1573.9,1560.9,0.35
2013-04-10,1587.7,1568.6,1589.1,1568.6,1.22
2013-04-11,1593.4,1587.7,1597.3,1586.2,0.36
2013-04-12,1588.8,1593.3,1593.3,1580.0,-0.29
2013-04-15,1552.4,1588.8,1588.8,1552.3,-2.29
2013-04-16,1574.6,1552.4,1575.3,1552.4,1.43
2013-04-17,1552.0,1574.6,1574.6,1543.7,-1.44
2013-04-18,1541.6,1552.0,1554.4,1536.0,-0.67
2013-04-19,1555.2,1541.6,1555.9,1539.4,0.88
2013-04-22,1562.5,1555.2,1565.5,1548.2,0.47
2013-04-23,1578.8,1562.5,1579.6,1562.5,1.04
2013-04-24,1578.8,1578.8,1583.0,1575.8,0.0
2013-04-25,1585.2,1578.9,1592.6,1578.9,0.41
2013-04-26,1582.2,1585.2,1585.8,1577.6,-0.19
2013-04-29,1593.6,1582.3,1596.7,1582.3,0.72
2013-04-30,1597.6,1593.6,1597.6,1586.5,0.25
2013-05-01,1582.7,1597.5,1597.5,1581.3,-0.93
2013-05-02,1597.6,1582.8,1598.6,1582.8,0.94
2013-05-03,1614.4,1597.6,1618.5,1597.6,1.05
2013-05-06,1617.5,1614.4,1619.8,1614.2,0.19
2013-05-07,1626.0,1617.5,1626.0,1616.6,0.53
2013-05-08,1632.7,1626.0,1632.8,1622.7,0.41
2013-05-09,1626.7,1632.7,1635.0,1623.1,-0.37
2013-05-10,1633.7,1626.7,1633.7,1623.7,0.43
2013-05-13,1633.8,1632.1,1636.0,1626.7,0.01
2013-05-14,1650.3,1633.8,1651.1,1633.8,1.01
2013-05-15,1658.8,1649.1,1661.5,1646.7,0.52
2013-05-16,1650.5,1658.1,1660.5,1648.6,-0.5
2013-05-17,1667.5,1652.5,1667.5,1652.5,1.03
2013-05-20,1666.3,1665.7,1672.8,1663.5,-0.07
2013-05-21,1669.2,1666.2,1674.9,1662.7,0.17
2013-05-22,1655.3,1669.4,1687.2,1648.9,-0.83
2013-05-23,1650.5,1651.6,1655.5,1635.5,-0.29
2013-05-24,1649.6,1646.7,1649.8,1636.9,-0.05
2013-05-28,1660.1,1652.6,1674.2,1652.6,0.64
2013-05-29,1648.4,1656.6,1656.6,1640.0,-0.7
2013-05-30,1654.4,1649.1,1661.9,1648.6,0.36
2013-05-31,1630.7,1652.1,1659.0,1630.7,-1.43
2013-06-03,1640.4,1631.7,1640.4,1622.7,0.59
2013-06-04,1631.4,1640.7,1646.5,1623.6,-0.55
2013-06-05,1608.9,1629.0,1629.3,1607.1,-1.38
2013-06-06,1622.6,1609.3,1622.6,1598.2,0.85
2013-06-07,1643.4,1625.3,1644.4,1625.3,1.28
2013-06-10,1642.8,1644.7,1648.7,1639.3,-0.04
2013-06-11,1626.1,1638.6,1640.1,1622.9,-1.02
2013-06-12,1612.5,1629.9,1637.7,1610.9,-0.84
2013-06-13,1636.4,1612.2,1639.2,1608.1,1.48
2013-06-14,1626.7,1635.5,1640.8,1624.0,-0.59
2013-06-17,1639.0,1630.6,1646.5,1630.3,0.76
2013-06-18,1651.8,1639.8,1654.2,1639.8,0.78
2013-06-19,1628.9,1651.8,1652.5,1628.9,-1.39
2013-06-20,1588.2,1624.6,1624.6,1584.3,-2.5
2013-06-21,1592.4,1588.6,1599.2,1577.7,0.26
2013-06-24,1573.1,1588.8,1588.8,1560.3,-1.21
2013-06-25,1588.0,1577.5,1593.8,1577.1,0.95
2013-06-26,1603.3,1592.3,1606.8,1592.3,0.96
2013-06-27,1613.2,1606.4,1620.1,1606.4,0.62
2013-06-28,1606.3,1611.1,1615.9,1601.1,-0.43
2013-07-01,1615.0,1609.8,1626.6,1609.8,0.54
2013-07-02,1614.1,1614.3,1624.3,1606.8,-0.06
2013-07-03,1615.4,1611.5,1619.0,1604.6,0.08
2013-07-05,1631.9,1618.7,1632.1,1614.7,1.02
2013-07-08,1640.5,1634.2,1644.7,1634.2,0.53
2013-07-09,1652.3,1642.9,1654.2,1642.9,0.72
2013-07-10,1652.6,1651.6,1657.9,1647.7,0.02
2013-07-11,1675.0,1657.4,1676.6,1657.4,1.36
2013-07-12,1680.2,1675.3,1680.2,1672.3,0.31
2013-07-15,1682.5,1679.6,1684.5,1677.9,0.14
2013-07-16,1676.3,1682.7,1683.7,1671.8,-0.37
2013-07-17,1680.9,1677.9,1684.8,1677.9,0.27
2013-07-18,1689.4,1681.0,1693.1,1681.0,0.51
2013-07-19,1692.1,1686.2,1692.1,1684.1,0.16
2013-07-22,1695.5,1694.4,1697.6,1690.7,0.2
2013-07-23,1692.4,1696.6,1698.8,1691.1,-0.18
2013-07-24,1685.9,1696.1,1698.4,1682.6,-0.38
2013-07-25,1690.2,1685.2,1690.9,1680.1,0.26
2013-07-26,1691.7,1687.3,1691.8,1676.0,0.09
2013-07-29,1685.3,1690.3,1690.9,1681.9,-0.38
2013-07-30,1686.0,1687.9,1693.2,1682.4,0.04
2013-07-31,1685.7,1687.8,1698.4,1684.9,-0.02
2013-08-01,1706.9,1689.4,1707.8,1689.4,1.26
2013-08-02,1709.7,1706.1,1709.7,1700.7,0.16
2013-08-05,1707.1,1708.0,1709.2,1703.5,-0.15
2013-08-06,1697.4,1705.8,1705.8,1693.3,-0.57
2013-08-07,1690.9,1695.3,1695.3,1684.9,-0.38
2013-08-08,1697.5,1693.3,1700.2,1688.4,0.39
2013-08-09,1691.4,1696.1,1699.4,1686.0,-0.36
2013-08-12,1689.5,1688.4,1691.5,1683.3,-0.11
2013-08-13,1694.2,1690.7,1696.8,1682.6,0.28
2013-08-14,1685.4,1693.9,1695.5,1684.8,-0.52
2013-08-15,1661.3,1679.6,1679.6,1658.6,-1.43
2013-08-16,1655.8,1661.2,1663.6,1652.6,-0.33
2013-08-19,1646.1,1655.2,1659.2,1645.8,-0.59
2013-08-20,1652.3,1646.8,1658.9,1646.1,0.38
2013-08-21,1642.8,1650.7,1657.0,1639.4,-0.57
2013-08-22,1657.0,1645.0,1659.5,1645.0,0.86
2013-08-23,1663.5,1659.9,1664.8,1654.8,0.39
2013-08-26,1656.8,1664.3,1669.5,1656.0,-0.4
2013-08-27,1630.5,1652.5,1652.5,1629.0,-1.59
2013-08-28,1635.0,1630.2,1641.2,1627.5,0.28
2013-08-29,1638.2,1633.5,1646.4,1630.9,0.2
2013-08-30,1633.0,1638.9,1640.1,1628.0,-0.32
2013-09-03,1639.8,1636.0,1651.3,1633.4,0.42
2013-09-04,1653.1,1640.7,1655.7,1637.4,0.81
2013-09-05,1655.1,1653.3,1659.2,1653.1,0.12
2013-09-06,1655.2,1657.4,1664.8,1640.6,0.01
2013-09-09,1671.7,1656.8,1672.4,1656.8,1.0
2013-09-10,1684.0,1674.3,1684.1,1674.3,0.74
2013-09-11,1689.1,1681.0,1689.1,1678.7,0.3
2013-09-12,1683.4,1689.2,1690.0,1682.0,-0.34
2013-09-13,1688.0,1685.0,1688.7,1682.2,0.27
2013-09-16,1697.6,1691.7,1705.0,1691.7,0.57
2013-09-17,1704.8,1697.7,1705.5,1697.7,0.42
2013-09-18,1725.5,1705.7,1729.4,1700.3,1.21
2013-09-19,1722.3,1727.3,1729.9,1720.2,-0.19
2013-09-20,1709.9,1722.4,1725.2,1708.9,-0.72
2013-09-23,1701.8,1711.4,1711.4,1697.1,-0.47
2013-09-24,1697.4,1702.6,1707.6,1694.9,-0.26
2013-09-25,1692.8,1698.0,1701.7,1691.9,-0.27
2013-09-26,1698.7,1694.0,1703.8,1693.1,0.35
2013-09-27,1691.8,1695.5,1695.5,1687.1,-0.41
2013-09-30,1681.5,1687.3,1687.3,1675.0,-0.61
2013-10-01,1695.0,1682.4,1696.5,1682.1,0.8
2013-10-02,1693.9,1691.9,1693.9,1680.3,-0.06
2013-10-03,1678.7,1692.3,1692.3,1670.4,-0.9
2013-10-04,1690.5,1678.8,1691.9,1677.3,0.7
2013-10-07,1676.1,1687.2,1687.2,1674.7,-0.85
2013-10-08,1655.5,1676.2,1676.8,1655.0,-1.23
2013-10-09,1656.4,1657.0,1662.5,1646.5,0.05
2013-10-10,1692.6,1660.9,1692.6,1660.9,2.19
2013-10-11,1703.2,1691.1,1703.4,1688.5,0.63
2013-10-14,1710.1,1699.9,1711.0,1692.1,0.41
2013-10-15,1698.1,1709.2,1711.6,1695.9,-0.7
2013-10-16,1721.5,1700.5,1721.8,1700.5,1.38
2013-10-17,1733.2,1720.2,1733.5,1714.1,0.68
2013-10-18,1744.5,1736.7,1745.3,1735.7,0.65
2013-10-21,1744.7,1745.2,1747.8,1740.7,0.01
2013-10-22,1754.7,1746.5,1759.3,1746.5,0.57
2013-10-23,1746.4,1752.3,1752.3,1740.5,-0.47
2013-10-24,1752.1,1747.5,1753.9,1745.5,0.33
2013-10-25,1759.8,1756.0,1759.8,1752.5,0.44
2013-10-28,1762.1,1759.4,1765.0,1757.7,0.13
2013-10-29,1772.0,1762.9,1772.1,1762.9,0.56
2013-10-30,1763.3,1772.3,1775.2,1757.2,-0.49
2013-10-31,1756.5,1763.2,1768.5,1755.7,-0.39
2013-11-01,1761.6,1758.7,1765.7,1752.7,0.29
2013-11-04,1767.9,1763.4,1768.8,1761.6,0.36
2013-11-05,1763.0,1765.7,1767.0,1755.8,-0.28
2013-11-06,1770.5,1765.0,1773.7,1764.4,0.43
2013-11-07,1747.2,1770.7,1774.5,1746.2,-1.32
2013-11-08,1770.6,1748.4,1770.8,1747.6,1.34
2013-11-11,1771.9,1770.0,1773.4,1767.8,0.07
2013-11-12,1767.7,1769.5,1771.8,1762.3,-0.24
2013-11-13,1782.0,1764.4,1782.0,1760.6,0.81
2013-11-14,1790.6,1782.8,1791.5,1780.2,0.48
2013-11-15,1798.2,1790.7,1798.2,1790.7,0.42
2013-11-18,1791.5,1798.8,1802.3,1788.0,-0.37
2013-11-19,1787.9,1790.8,1795.5,1784.7,-0.2
2013-11-20,1781.4,1789.6,1795.7,1777.2,-0.36
2013-11-21,1795.8,1783.5,1797.2,1783.5,0.81
2013-11-22,1804.8,1797.2,1804.8,1794.7,0.5
2013-11-25,1802.5,1806.3,1808.1,1800.6,-0.13
2013-11-26,1802.8,1802.9,1808.4,1800.8,0.02
2013-11-27,1807.2,1803.5,1808.3,1802.8,0.24
2013-11-29,1805.8,1808.7,1813.5,1804.0,-0.08
2013-12-02,1800.9,1806.5,1810.0,1798.6,-0.27
2013-12-03,1795.2,1800.1,1800.1,1787.8,-0.32
2013-12-04,1792.8,1793.2,1799.8,1779.1,-0.13
2013-12-05,1785.0,1792.8,1792.8,1783.4,-0.44
2013-12-06,1805.1,1788.4,1806.0,1788.4,1.13
2013-12-09,1808.4,1806.2,1811.5,1806.2,0.18
2013-12-10,1802.6,1807.6,1808.5,1801.8,-0.32
2013-12-11,1782.2,1802.8,1803.0,1780.1,-1.13
2013-12-12,1775.5,1781.7,1783.0,1772.3,-0.38
2013-12-13,1775.3,1778.0,1780.9,1772.5,-0.01
2013-12-16,1786.5,1777.5,1792.2,1777.5,0.63
2013-12-17,1781.0,1786.5,1786.8,1777.0,-0.31
2013-12-18,1810.7,1781.5,1811.1,1768.0,1.67
2013-12-19,1809.6,1809.0,1810.9,1801.3,-0.06
2013-12-20,1818.3,1810.4,1823.8,1810.2,0.48
2013-12-23,1828.0,1822.9,1829.8,1822.9,0.53
2013-12-24,1833.3,1828.0,1833.3,1828.0,0.29
2013-12-26,1842.0,1835.0,1842.8,1835.0,0.47
2013-12-27,1841.4,1843.0,1844.9,1839.8,-0.03
2013-12-30,1841.1,1841.5,1842.5,1838.8,-0.02
2013-12-31,1848.4,1842.6,1849.4,1842.4,0.4
2014-01-02,1832.0,1845.9,1845.9,1827.7,-0.89
2014-01-03,1831.4,1833.2,1838.2,1829.1,-0.03
2014-01-06,1826.8,1832.3,1837.2,1823.7,-0.25
2014-01-07,1837.9,1828.7,1840.1,1828.7,0.61
2014-01-08,1837.5,1837.9,1840.0,1831.4,-0.02
2014-01-09,1838.1,1839.0,1843.2,1830.4,0.03
2014-01-10,1842.4,1840.1,1843.2,1832.4,0.23
2014-01-13,1819.2,1841.3,1843.5,1815.5,-1.26
2014-01-14,1838.9,1821.4,1839.3,1821.4,1.08
2014-01-15,1848.4,1840.5,1850.8,1840.5,0.52
2014-01-16,1845.9,1848.0,1848.0,1840.3,-0.14
2014-01-17,1838.7,1844.2,1846.0,1835.2,-0.39
2014-01-21,1843.8,1841.0,1849.3,1832.4,0.28
2014-01-22,1844.9,1844.7,1846.9,1840.9,0.06
2014-01-23,1828.5,1842.3,1842.3,1820.1,-0.89
2014-01-24,1790.3,1827.0,1827.0,1790.3,-2.09
2014-01-27,1781.6,1791.0,1796.0,1772.9,-0.49
2014-01-28,1792.5,1783.0,1793.9,1779.5,0.61
2014-01-29,1774.2,1790.2,1790.2,1770.5,-1.02
2014-01-30,1794.2,1777.2,1798.8,1777.2,1.13
2014-01-31,1782.6,1790.9,1793.9,1772.3,-0.65
2014-02-03,1741.9,1782.7,1784.8,1739.7,-2.28
2014-02-04,1755.2,1743.8,1758.7,1743.8,0.76
2014-02-05,1751.6,1753.4,1755.8,1737.9,-0.21
2014-02-06,1773.4,1753.0,1774.1,1753.0,1.24
2014-02-07,1797.0,1776.0,1798.0,1776.0,1.33
2014-02-10,1799.8,1796.2,1799.9,1791.8,0.16
2014-02-11,1819.8,1800.5,1823.5,1800.4,1.11
2014-02-12,1819.3,1820.1,1826.5,1816.0,-0.03
2014-02-13,1829.8,1814.8,1830.2,1809.2,0.58
2014-02-14,1838.6,1828.5,1841.7,1825.6,0.48
2014-02-18,1840.8,1839.0,1842.9,1835.0,0.12
2014-02-19,1828.8,1838.9,1847.5,1827.0,-0.65
2014-02-20,1839.8,1829.2,1842.8,1824.6,0.6
2014-02-21,1836.2,1841.1,1846.1,1835.6,-0.2
2014-02-24,1847.6,1836.8,1858.7,1836.8,0.62
2014-02-25,1845.1,1847.7,1852.9,1840.2,-0.14
2014-02-26,1845.2,1845.8,1852.7,1840.7,0.01
2014-02-27,1854.3,1844.9,1854.5,1841.1,0.49
2014-02-28,1859.5,1855.1,1867.9,1847.7,0.28
2014-03-03,1845.7,1857.7,1857.7,1834.4,-0.74
2014-03-04,1873.9,1849.2,1876.2,1849.2,1.53
2014-03-05,1873.8,1874.0,1876.5,1871.1,-0.01
2014-03-06,1877.0,1874.2,1881.9,1874.2,0.17
2014-03-07,1878.0,1878.5,1883.6,1870.6,0.05
2014-03-10,1877.2,1877.9,1877.9,1867.0,-0.04
2014-03-11,1867.6,1878.3,1882.3,1863.9,-0.51
2014-03-12,1868.2,1866.2,1868.4,1854.4,0.03
2014-03-13,1846.3,1869.1,1874.4,1841.9,-1.17
2014-03-14,1841.1,1845.1,1852.4,1839.6,-0.28
2014-03-17,1858.8,1842.8,1862.3,1842.8,0.96
2014-03-18,1872.2,1858.9,1873.8,1858.9,0.72
2014-03-19,1860.8,1872.2,1874.1,1850.3,-0.61
2014-03-20,1872.0,1860.1,1873.5,1854.6,0.6
2014-03-21,1866.5,1874.5,1884.0,1863.5,-0.29
2014-03-24,1857.4,1867.7,1873.3,1849.7,-0.49
2014-03-25,1865.6,1859.5,1871.9,1856.0,0.44
2014-03-26,1852.6,1867.1,1875.9,1852.6,-0.7
2014-03-27,1849.0,1852.1,1855.5,1842.1,-0.19
2014-03-28,1857.6,1850.1,1866.6,1850.1,0.47
2014-03-31,1872.3,1859.2,1875.2,1859.2,0.79
2014-04-01,1885.5,1874.0,1885.8,1874.0,0.71
2014-04-02,1890.9,1886.6,1893.2,1883.8,0.29
2014-04-03,1888.8,1891.4,1893.8,1882.7,-0.11
2014-04-04,1865.1,1890.2,1897.3,1863.3,-1.25
2014-04-07,1845.0,1863.9,1864.0,1841.5,-1.08
2014-04-08,1852.0,1845.5,1855.0,1837.5,0.38
2014-04-09,1872.2,1852.6,1872.4,1852.4,1.09
2014-04-10,1833.1,1872.3,1872.5,1830.9,-2.09
2014-04-11,1815.7,1830.7,1835.1,1814.4,-0.95
2014-04-14,1830.6,1818.2,1834.2,1815.8,0.82
2014-04-15,1843.0,1831.5,1844.0,1816.3,0.68
2014-04-16,1862.3,1846.0,1862.3,1846.0,1.05
2014-04-17,1864.8,1861.7,1869.6,1856.7,0.13
2014-04-21,1871.9,1865.8,1871.9,1863.2,0.38
2014-04-22,1879.5,1872.6,1884.9,1872.6,0.41
2014-04-23,1875.4,1879.3,1879.8,1873.9,-0.22
2014-04-24,1878.6,1882.0,1884.1,1870.2,0.17
2014-04-25,1863.4,1877.7,1877.7,1859.7,-0.81
2014-04-28,1869.4,1865.0,1877.0,1850.6,0.32
2014-04-29,1878.3,1870.8,1880.6,1870.8,0.48
2014-04-30,1884.0,1877.1,1885.2,1872.7,0.3
2014-05-01,1883.7,1884.4,1888.6,1878.0,-0.02
2014-05-02,1881.1,1885.3,1891.3,1878.5,-0.14
2014-05-05,1884.7,1879.5,1885.5,1866.8,0.19
2014-05-06,1867.7,1883.7,1883.7,1867.7,-0.9
2014-05-07,1878.2,1868.5,1878.8,1859.8,0.56
2014-05-08,1875.6,1877.4,1889.1,1870.0,-0.14
2014-05-09,1878.5,1875.3,1878.6,1867.0,0.15
2014-05-12,1896.7,1880.0,1897.1,1880.0,0.97
2014-05-13,1897.5,1896.8,1902.2,1896.1,0.04
2014-05-14,1888.5,1897.1,1897.1,1885.8,-0.47
2014-05-15,1870.8,1888.2,1888.2,1862.4,-0.94
2014-05-16,1877.9,1871.2,1878.3,1864.8,0.38
2014-05-19,1885.1,1876.7,1886.0,1872.4,0.38
2014-05-20,1872.8,1884.9,1884.9,1868.1,-0.65
2014-05-21,1888.0,1873.3,1888.8,1873.3,0.81
2014-05-22,1892.5,1888.2,1896.3,1885.4,0.24
2014-05-23,1900.5,1893.3,1901.3,1893.3,0.42
2014-05-27,1911.9,1902.0,1912.3,1902.0,0.6
2014-05-28,1909.8,1911.8,1914.5,1907.3,-0.11
2014-05-29,1920.0,1910.6,1920.0,1909.8,0.53
2014-05-30,1923.6,1920.3,1924.0,1916.6,0.19
2014-06-02,1925.0,1923.9,1925.9,1916.0,0.07
2014-06-03,1924.2,1923.1,1925.1,1918.8,-0.04
2014-06-04,1927.9,1923.1,1928.6,1918.6,0.19
2014-06-05,1940.5,1928.5,1941.7,1922.9,0.65
2014-06-06,1949.4,1942.4,1949.4,1942.4,0.46
2014-06-09,1951.3,1949.0,1955.5,1947.2,0.1
2014-06-10,1950.8,1950.3,1950.9,1944.6,-0.03
2014-06-11,1943.9,1949.4,1949.4,1940.1,-0.35
2014-06-12,1930.1,1943.3,1943.3,1925.8,-0.71
2014-06-13,1936.2,1930.8,1937.3,1927.7,0.32
2014-06-16,1937.8,1934.8,1941.2,1930.9,0.08
2014-06-17,1942.0,1937.2,1943.7,1933.5,0.22
2014-06-18,1957.0,1942.7,1957.7,1939.3,0.77
2014-06-19,1959.5,1957.5,1959.9,1952.3,0.13
2014-06-20,1962.9,1960.5,1963.9,1959.2,0.17
2014-06-23,1962.6,1962.9,1963.7,1958.9,-0.02
2014-06-24,1950.0,1962.0,1968.2,1948.3,-0.64
2014-06-25,1959.5,1949.3,1960.8,1947.5,0.49
2014-06-26,1957.2,1959.9,1959.9,1944.7,-0.12
2014-06-27,1961.0,1956.6,1961.5,1952.2,0.19
2014-06-30,1960.2,1960.8,1964.2,1958.2,-0.04
2014-07-01,1973.3,1962.3,1978.6,1962.3,0.67
2014-07-02,1974.6,1973.1,1976.7,1972.6,0.07
2014-07-03,1985.4,1975.9,1985.6,1975.9,0.55
2014-07-07,1977.7,1984.2,1984.2,1974.9,-0.39
2014-07-08,1963.7,1976.4,1976.4,1959.5,-0.71
2014-07-09,1972.8,1965.1,1974.2,1965.1,0.46
2014-07-10,1964.7,1966.7,1969.8,1952.9,-0.41
2014-07-11,1967.6,1965.8,1968.7,1959.6,0.15
2014-07-14,1977.1,1969.9,1979.8,1969.9,0.48
2014-07-15,1973.3,1977.4,1982.5,1965.3,-0.19
2014-07-16,1981.6,1976.3,1983.9,1975.7,0.42
2014-07-17,1958.1,1979.8,1981.8,1955.6,-1.19
2014-07-18,1978.2,1961.5,1979.9,1960.8,1.03
2014-07-21,1973.6,1976.9,1976.9,1965.8,-0.23
2014-07-22,1983.5,1975.7,1986.2,1975.7,0.5
2014-07-23,1987.0,1985.3,1989.2,1982.4,0.18
2014-07-24,1988.0,1988.1,1991.4,1985.8,0.05
2014-07-25,1978.3,1984.6,1984.6,1974.4,-0.49
2014-07-28,1978.9,1978.2,1981.5,1967.3,0.03
2014-07-29,1970.0,1980.0,1984.8,1970.0,-0.45
2014-07-30,1970.1,1973.2,1978.9,1962.4,0.01
2014-07-31,1930.7,1965.1,1965.1,1930.7,-2.0
2014-08-01,1925.2,1929.8,1937.3,1916.4,-0.28
2014-08-04,1939.0,1926.6,1942.9,1921.2,0.72
2014-08-05,1920.2,1936.3,1936.3,1913.8,-0.97
2014-08-06,1920.2,1917.3,1927.9,1911.5,0.0
2014-08-07,1909.6,1923.0,1928.9,1904.8,-0.55
2014-08-08,1931.6,1910.3,1932.4,1909.0,1.15
2014-08-11,1936.9,1933.4,1944.9,1933.4,0.27
2014-08-12,1933.8,1935.7,1939.7,1928.3,-0.16
2014-08-13,1946.7,1935.6,1948.4,1935.6,0.67
2014-08-14,1955.2,1947.4,1955.2,1947.4,0.44
2014-08-15,1955.1,1958.9,1964.0,1941.5,-0.01
2014-08-18,1971.7,1958.4,1972.0,1958.4,0.85
2014-08-19,1981.6,1972.7,1982.6,1972.7,0.5
2014-08-20,1986.5,1980.5,1988.6,1977.7,0.25
2014-08-21,1992.4,1986.8,1994.8,1986.8,0.3
2014-08-22,1988.4,1992.6,1993.5,1984.8,-0.2
2014-08-25,1997.9,1991.7,2002.0,1991.7,0.48
2014-08-26,2000.0,1998.6,2005.0,1998.6,0.11
2014-08-27,2000.1,2000.5,2002.1,1996.2,0.0
2014-08-28,1996.7,1997.4,1998.5,1990.5,-0.17
2014-08-29,2003.4,1998.5,2003.4,1994.7,0.34
2014-09-02,2002.3,2004.1,2006.1,1994.8,-0.05
2014-09-03,2000.7,2003.6,2009.3,1998.1,-0.08
2014-09-04,1997.7,2001.7,2011.2,1992.5,-0.15
2014-09-05,2007.7,1998.0,2007.7,1990.1,0.5
2014-09-08,2001.5,2007.2,2007.2,1995.6,-0.31
2014-09-09,1988.4,2000.7,2001.0,1984.6,-0.65
2014-09-10,1995.7,1988.4,1996.7,1983.0,0.37
2014-09-11,1997.5,1992.8,1997.7,1985.9,0.09
2014-09-12,1985.5,1996.7,1996.7,1980.3,-0.6
2014-09-15,1984.1,1986.0,1987.2,1978.5,-0.07
2014-09-16,1999.0,1981.9,2002.3,1979.1,0.75
2014-09-17,2001.6,1999.3,2010.7,1993.3,0.13
2014-09-18,2011.4,2003.1,2012.3,2003.1,0.49
2014-09-19,2010.4,2012.7,2019.3,2006.6,-0.05
2014-09-22,1994.3,2009.1,2009.1,1991.0,-0.8
2014-09-23,1982.8,1992.8,1995.4,1982.8,-0.58
2014-09-24,1998.3,1983.3,1999.8,1978.6,0.78
2014-09-25,1966.0,1997.3,1997.3,1966.0,-1.62
2014-09-26,1982.8,1966.2,1986.4,1966.2,0.85
2014-09-29,1977.8,1979.0,1981.3,1964.0,-0.25
2014-09-30,1972.3,1978.2,1985.2,1969.0,-0.28
2014-10-01,1946.2,1971.4,1971.4,1941.7,-1.32
2014-10-02,1946.2,1945.8,1952.3,1926.0,0.0
2014-10-03,1967.9,1948.1,1971.2,1948.1,1.11
2014-10-06,1964.8,1970.0,1977.8,1958.4,-0.16
2014-10-07,1935.1,1962.4,1962.4,1934.9,-1.51
2014-10-08,1968.9,1935.5,1970.4,1925.2,1.75
2014-10-09,1928.2,1967.7,1967.7,1927.6,-2.07
2014-10-10,1906.1,1925.6,1937.0,1906.0,-1.15
2014-10-13,1874.7,1905.7,1912.1,1874.1,-1.65
2014-10-14,1877.7,1877.1,1898.7,1871.8,0.16
2014-10-15,1862.5,1874.2,1874.2,1820.7,-0.81
2014-10-16,1862.8,1856.0,1876.0,1835.0,0.02
2014-10-17,1886.8,1864.9,1898.2,1864.9,1.29
2014-10-20,1904.0,1885.6,1905.0,1882.3,0.91
2014-10-21,1941.3,1909.4,1942.5,1909.4,1.96
2014-10-22,1927.1,1941.3,1949.3,1926.8,-0.73
2014-10-23,1950.8,1931.0,1962.0,1931.0,1.23
2014-10-24,1964.6,1951.6,1965.3,1946.3,0.71
2014-10-27,1961.6,1963.0,1964.6,1951.4,-0.15
2014-10-28,1985.0,1964.1,1985.0,1964.1,1.19
2014-10-29,1982.3,1983.3,1991.4,1969.0,-0.14
2014-10-30,1994.7,1979.5,1999.4,1974.8,0.63
2014-10-31,2018.0,2001.2,2018.2,2001.2,1.17
2014-11-03,2017.8,2018.2,2024.5,2013.7,-0.01
2014-11-04,2012.1,2015.8,2016.0,2001.0,-0.28
2014-11-05,2023.6,2015.3,2023.8,2014.4,0.57
2014-11-06,2031.2,2023.3,2031.6,2015.9,0.38
2014-11-07,2031.9,2032.4,2034.3,2025.1,0.03
2014-11-10,2038.3,2032.0,2038.7,2030.2,0.31
2014-11-11,2039.7,2038.2,2041.3,2035.3,0.07
2014-11-12,2038.2,2037.8,2040.3,2032.0,-0.07
2014-11-13,2039.3,2039.2,2046.2,2030.4,0.05
2014-11-14,2039.8,2039.7,2042.2,2035.2,0.02
2014-11-17,2041.3,2038.3,2043.1,2034.5,0.07
2014-11-18,2051.8,2041.5,2056.1,2041.5,0.51
2014-11-19,2048.7,2051.2,2052.1,2040.4,-0.15
2014-11-20,2052.8,2045.9,2053.8,2040.5,0.2
2014-11-21,2063.5,2057.5,2071.5,2056.8,0.52
2014-11-24,2069.4,2065.1,2070.2,2065.1,0.29
2014-11-25,2067.0,2070.2,2074.2,2064.8,-0.12
2014-11-26,2072.8,2067.4,2073.3,2066.6,0.28
2014-11-28,2067.6,2074.8,2075.8,2065.1,-0.25
2014-12-01,2053.4,2065.8,2065.8,2049.6,-0.69
2014-12-02,2066.6,2053.8,2068.8,2053.8,0.64
2014-12-03,2074.3,2067.4,2076.3,2066.7,0.37
2014-12-04,2071.9,2073.6,2077.3,2062.3,-0.12
2014-12-05,2075.4,2072.8,2079.5,2070.8,0.17
2014-12-08,2060.3,2074.8,2075.8,2054.3,-0.73
2014-12-09,2059.8,2056.6,2060.6,2034.2,-0.02
2014-12-10,2026.1,2058.9,2058.9,2024.3,-1.64
2014-12-11,2035.3,2027.9,2055.5,2027.9,0.45
2014-12-12,2002.3,2030.4,2032.2,2002.3,-1.62
2014-12-15,1989.6,2005.0,2018.7,1982.3,-0.63
2014-12-16,1972.7,1986.7,2016.9,1972.6,-0.85
2014-12-17,2012.9,1973.8,2016.8,1973.8,2.04
2014-12-18,2061.2,2019.0,2061.2,2019.0,2.4
2014-12-19,2070.7,2061.0,2077.8,2061.0,0.46
2014-12-22,2078.5,2069.3,2078.8,2069.3,0.38
2014-12-23,2082.2,2081.5,2086.7,2079.8,0.18
2014-12-24,2081.9,2083.2,2087.6,2081.9,-0.01
2014-12-26,2088.8,2084.3,2092.7,2084.3,0.33
2014-12-29,2090.6,2087.6,2093.6,2085.8,0.09
2014-12-30,2080.3,2088.5,2088.5,2079.5,-0.49
2014-12-31,2058.9,2082.1,2085.6,2057.9,-1.03
2015-01-02,2058.2,2058.9,2072.4,2046.0,-0.03
2015-01-05,2020.6,2054.4,2054.4,2017.3,-1.83
2015-01-06,2002.6,2022.2,2030.2,1992.4,-0.89
2015-01-07,2025.9,2005.5,2029.6,2005.5,1.16
2015-01-08,2062.1,2030.6,2064.1,2030.6,1.79
2015-01-09,2044.8,2063.4,2064.4,2038.3,-0.84
2015-01-12,2028.3,2046.1,2049.3,2022.6,-0.81
2015-01-13,2023.0,2031.6,2056.9,2008.2,-0.26
2015-01-14,2011.3,2018.4,2018.4,1988.4,-0.58
2015-01-15,1992.7,2013.8,2021.3,1991.5,-0.92
2015-01-16,2019.4,1992.2,2020.5,1988.1,1.34
2015-01-20,2022.5,2020.8,2028.9,2004.5,0.15
2015-01-21,2032.1,2020.2,2038.3,2012.0,0.47
2015-01-22,2063.2,2034.3,2064.6,2026.4,1.53
2015-01-23,2051.8,2063.0,2063.0,2050.5,-0.55
2015-01-26,2057.1,2050.4,2057.6,2041.0,0.26
2015-01-27,2029.5,2047.9,2047.9,2019.9,-1.34
2015-01-28,2002.2,2032.3,2042.5,2001.5,-1.35
2015-01-29,2021.2,2002.5,2024.6,1989.2,0.95
2015-01-30,1995.0,2019.3,2023.3,1993.4,-1.3
2015-02-02,2020.8,1996.7,2021.7,1980.9,1.29
2015-02-03,2050.0,2022.7,2050.3,2022.7,1.44
2015-02-04,2041.5,2048.9,2054.7,2036.7,-0.41
2015-02-05,2062.5,2043.5,2063.6,2043.5,1.03
2015-02-06,2055.5,2062.3,2072.4,2050.0,-0.34
2015-02-09,2046.7,2053.5,2056.2,2041.9,-0.43
2015-02-10,2068.6,2049.4,2070.9,2048.6,1.07
2015-02-11,2068.5,2068.6,2073.5,2058.0,0.0
2015-02-12,2088.5,2070.0,2088.5,2070.0,0.97
2015-02-13,2097.0,2088.8,2097.0,2086.7,0.41
2015-02-17,2100.3,2096.5,2101.3,2089.8,0.16
2015-02-18,2099.7,2099.2,2100.2,2092.2,-0.03
2015-02-19,2097.4,2099.2,2102.1,2090.8,-0.11
2015-02-20,2110.3,2097.7,2110.6,2085.4,0.62
2015-02-23,2109.7,2109.8,2110.1,2103.0,-0.03
2015-02-24,2115.5,2109.1,2117.9,2105.9,0.27
2015-02-25,2113.9,2115.3,2119.6,2109.9,-0.08
2015-02-26,2110.7,2113.9,2113.9,2103.8,-0.15
2015-02-27,2104.5,2110.9,2112.7,2103.8,-0.29
2015-03-02,2117.4,2105.2,2117.5,2104.5,0.61
2015-03-03,2107.8,2115.8,2115.8,2098.3,-0.45
2015-03-04,2098.5,2107.7,2107.7,2087.6,-0.44
2015-03-05,2101.0,2098.5,2104.2,2095.2,0.12
2015-03-06,2071.3,2100.9,2100.9,2067.3,-1.41
2015-03-09,2079.4,2072.2,2083.5,2072.2,0.39
2015-03-10,2044.2,2076.1,2076.1,2044.2,-1.69
2015-03-11,2040.2,2044.7,2050.1,2039.7,-0.2
2015-03-12,2065.9,2041.1,2066.4,2041.1,1.26
2015-03-13,2053.4,2064.6,2064.6,2041.2,-0.61
2015-03-16,2081.2,2055.3,2081.4,2055.3,1.35
2015-03-17,2074.3,2080.6,2080.6,2065.1,-0.33
2015-03-18,2099.5,2072.8,2106.8,2061.2,1.21
2015-03-19,2089.3,2098.7,2098.7,2085.6,-0.49
2015-03-20,2108.1,2090.3,2113.9,2090.3,0.9
2015-03-23,2104.4,2108.0,2114.9,2104.4,-0.18
2015-03-24,2091.5,2103.9,2107.6,2091.5,-0.61
2015-03-25,2061.1,2093.1,2097.4,2061.1,-1.45
2015-03-26,2056.2,2059.9,2067.2,2045.5,-0.24
2015-03-27,2061.0,2055.8,2062.8,2053.0,0.23
2015-03-30,2086.2,2064.1,2089.0,2064.1,1.22
2015-03-31,2067.9,2084.1,2084.1,2067.0,-0.88
2015-04-01,2059.7,2067.6,2067.6,2048.4,-0.4
2015-04-02,2067.0,2060.0,2072.2,2057.3,0.35
2015-04-06,2080.6,2064.9,2087.0,2056.5,0.66
2015-04-07,2076.3,2080.8,2089.8,2076.1,-0.21
2015-04-08,2081.9,2076.9,2086.7,2073.3,0.27
2015-04-09,2091.2,2081.3,2093.3,2074.3,0.45
2015-04-10,2102.1,2091.5,2102.6,2091.5,0.52
2015-04-13,2092.4,2102.0,2107.7,2092.3,-0.46
2015-04-14,2095.8,2092.3,2098.6,2083.2,0.16
2015-04-15,2106.6,2097.8,2111.9,2097.8,0.52
2015-04-16,2105.0,2106.0,2111.3,2100.0,-0.08
2015-04-17,2081.2,2102.6,2102.6,2072.4,-1.13
2015-04-20,2100.4,2084.1,2103.9,2084.1,0.92
2015-04-21,2097.3,2102.8,2109.6,2094.4,-0.15
2015-04-22,2108.0,2098.3,2110.0,2091.1,0.51
2015-04-23,2112.9,2107.2,2120.5,2103.2,0.23
2015-04-24,2117.7,2112.8,2120.9,2112.8,0.23
2015-04-27,2108.9,2119.3,2125.9,2107.0,-0.42
2015-04-28,2114.8,2108.3,2116.1,2094.9,0.28
2015-04-29,2106.8,2112.5,2113.7,2097.4,-0.38
2015-04-30,2085.5,2105.5,2105.5,2077.6,-1.01
2015-05-01,2108.3,2087.4,2108.4,2087.4,1.09
2015-05-04,2114.5,2110.2,2120.9,2110.2,0.29
2015-05-05,2089.5,2112.6,2115.2,2088.5,-1.18
2015-05-06,2080.2,2091.3,2098.4,2067.9,-0.45
2015-05-07,2088.0,2080.0,2092.9,2075.0,0.37
2015-05-08,2116.1,2092.1,2117.7,2092.1,1.35
2015-05-11,2105.3,2115.6,2117.7,2104.6,-0.51
2015-05-12,2099.1,2102.9,2105.1,2085.6,-0.29
2015-05-13,2098.5,2099.6,2110.2,2096.0,-0.03
2015-05-14,2121.1,2100.4,2121.4,2100.4,1.08
2015-05-15,2122.7,2122.1,2123.9,2116.8,0.08
2015-05-18,2129.2,2121.3,2131.8,2120.0,0.31
2015-05-19,2127.8,2129.4,2133.0,2124.5,-0.07
2015-05-20,2125.8,2127.8,2134.7,2122.6,-0.09
2015-05-21,2130.8,2125.6,2134.3,2122.9,0.24
2015-05-22,2126.1,2130.4,2132.2,2126.1,-0.22
2015-05-26,2104.2,2125.3,2125.3,2099.2,-1.03
2015-05-27,2123.5,2105.1,2126.2,2105.1,0.92
2015-05-28,2120.8,2122.3,2122.3,2112.9,-0.13
2015-05-29,2107.4,2120.7,2120.7,2104.9,-0.63
2015-06-01,2111.7,2108.6,2119.2,2102.5,0.2
2015-06-02,2109.6,2110.4,2117.6,2099.1,-0.1
2015-06-03,2114.1,2110.6,2121.9,2109.6,0.21
2015-06-04,2095.8,2112.3,2112.9,2093.2,-0.87
2015-06-05,2092.8,2095.1,2101.0,2085.7,-0.14
2015-06-08,2079.3,2092.3,2093.0,2079.1,-0.65
2015-06-09,2080.2,2079.1,2085.6,2072.1,0.04
2015-06-10,2105.2,2081.1,2108.5,2081.1,1.2
2015-06-11,2108.9,2106.2,2115.0,2106.2,0.18
2015-06-12,2094.1,2107.4,2107.4,2091.3,-0.7
2015-06-15,2084.4,2091.3,2091.3,2072.5,-0.46
2015-06-16,2096.3,2084.3,2097.4,2082.1,0.57
2015-06-17,2100.4,2097.4,2106.8,2088.9,0.2
2015-06-18,2121.2,2101.6,2126.7,2101.6,0.99
2015-06-19,2110.0,2121.1,2121.6,2109.4,-0.53
2015-06-22,2122.8,2112.5,2129.9,2112.5,0.61
2015-06-23,2124.2,2123.2,2128.0,2119.9,0.07
2015-06-24,2108.6,2123.7,2125.1,2108.6,-0.73
2015-06-25,2102.3,2110.0,2116.0,2101.8,-0.3
2015-06-26,2101.5,2102.6,2108.9,2095.4,-0.04
2015-06-29,2057.6,2098.6,2098.6,2056.6,-2.09
2015-06-30,2063.1,2061.2,2074.3,2056.3,0.27
2015-07-01,2077.4,2067.0,2082.8,2067.0,0.69
2015-07-02,2076.8,2078.0,2085.1,2071.0,-0.03
2015-07-06,2068.8,2073.9,2078.6,2058.4,-0.39
2015-07-07,2081.3,2069.5,2083.7,2044.0,0.6
2015-07-08,2046.7,2077.7,2077.7,2044.7,-1.66
2015-07-09,2051.3,2049.7,2074.3,2049.7,0.22
2015-07-10,2076.6,2052.7,2081.3,2052.7,1.23
2015-07-13,2099.6,2080.0,2100.7,2080.0,1.11
2015-07-14,2108.9,2099.7,2112.0,2098.2,0.44
2015-07-15,2107.4,2109.0,2114.1,2102.5,-0.07
2015-07-16,2124.3,2110.6,2124.4,2110.6,0.8
2015-07-17,2126.6,2126.8,2128.9,2119.9,0.11
2015-07-20,2128.3,2126.8,2132.8,2123.7,0.08
2015-07-21,2119.2,2127.6,2128.5,2115.4,-0.43
2015-07-22,2114.2,2118.2,2118.5,2110.0,-0.24
2015-07-23,2102.2,2114.2,2116.9,2098.6,-0.57
2015-07-24,2079.7,2102.2,2106.0,2077.1,-1.07
2015-07-27,2067.6,2078.2,2078.2,2063.5,-0.58
2015-07-28,2093.2,2070.8,2095.6,2069.1,1.24
2015-07-29,2108.6,2094.7,2110.6,2094.1,0.74
2015-07-30,2108.6,2106.8,2110.5,2095.0,0.0
2015-07-31,2103.8,2111.6,2114.2,2102.1,-0.23
2015-08-03,2098.0,2104.5,2105.7,2087.3,-0.28
2015-08-04,2093.3,2097.7,2102.5,2088.6,-0.22
2015-08-05,2099.8,2095.3,2112.7,2095.3,0.31
2015-08-06,2083.6,2100.8,2103.3,2075.5,-0.77
2015-08-07,2077.6,2082.6,2082.6,2067.9,-0.29
2015-08-10,2104.2,2081.0,2105.3,2081.0,1.28
2015-08-11,2084.1,2102.7,2102.7,2076.5,-0.96
2015-08-12,2086.1,2081.1,2089.1,2052.1,0.1
2015-08-13,2083.4,2086.2,2092.9,2078.3,-0.13
2015-08-14,2091.5,2083.2,2092.4,2080.6,0.39
2015-08-17,2102.4,2089.7,2102.9,2079.3,0.52
2015-08-18,2096.9,2102.0,2103.5,2094.1,-0.26
2015-08-19,2079.6,2095.7,2096.2,2070.5,-0.83
2015-08-20,2035.7,2076.6,2076.6,2035.7,-2.11
2015-08-21,1970.9,2034.1,2034.1,1970.9,-3.18
2015-08-24,1893.2,1965.2,1965.2,1867.0,-3.94
2015-08-25,1867.6,1898.1,1948.0,1867.1,-1.35
2015-08-26,1940.5,1872.8,1943.1,1872.8,3.9
2015-08-27,1987.7,1942.8,1989.6,1942.8,2.43
2015-08-28,1988.9,1986.1,1993.5,1975.2,0.06
2015-08-31,1972.2,1986.7,1986.7,1966.0,-0.84
2015-09-01,1913.8,1970.1,1970.1,1903.1,-2.96
2015-09-02,1948.9,1916.5,1948.9,1916.5,1.83
2015-09-03,1951.1,1950.8,1975.0,1944.7,0.11
2015-09-04,1921.2,1947.8,1947.8,1911.2,-1.53
2015-09-08,1969.4,1927.3,1970.4,1927.3,2.51
2015-09-09,1942.0,1971.5,1988.6,1937.9,-1.39
2015-09-10,1952.3,1941.6,1965.3,1937.2,0.53
2015-09-11,1961.0,1951.5,1961.0,1939.2,0.45
2015-09-14,1953.0,1963.1,1963.1,1948.3,-0.41
2015-09-15,1978.1,1955.1,1983.2,1954.3,1.29
2015-09-16,1995.3,1978.0,1997.3,1977.9,0.87
2015-09-17,1990.2,1995.3,2020.9,1986.7,-0.26
2015-09-18,1958.0,1989.7,1989.7,1953.5,-1.62
2015-09-21,1967.0,1960.8,1979.6,1955.8,0.46
2015-09-22,1942.7,1961.4,1961.4,1929.2,-1.24
2015-09-23,1938.8,1943.2,1949.5,1932.6,-0.2
2015-09-24,1932.2,1934.8,1937.2,1908.9,-0.34
2015-09-25,1931.3,1935.9,1952.9,1921.5,-0.05
2015-09-28,1881.8,1929.2,1929.2,1879.2,-2.56
2015-09-29,1884.1,1881.9,1899.5,1871.9,0.12
2015-09-30,1920.0,1887.1,1920.5,1887.1,1.91
2015-10-01,1923.8,1919.7,1927.2,1900.7,0.2
2015-10-02,1951.4,1921.8,1951.4,1893.7,1.43
2015-10-05,1987.0,1954.3,1989.2,1954.3,1.82
2015-10-06,1979.9,1986.6,1991.6,1972.0,-0.36
2015-10-07,1995.8,1982.3,1999.3,1976.4,0.8
2015-10-08,2013.4,1994.0,2016.5,1987.5,0.88
2015-10-09,2014.9,2013.7,2020.1,2007.6,0.07
2015-10-12,2017.5,2015.7,2018.7,2010.5,0.13
2015-10-13,2003.7,2015.0,2022.3,2001.8,-0.68
2015-10-14,1994.2,2003.7,2009.6,1990.7,-0.47
2015-10-15,2023.9,1996.5,2024.2,1996.5,1.49
2015-10-16,2033.1,2024.4,2033.5,2020.5,0.45
2015-10-19,2033.7,2031.7,2034.5,2022.3,0.03
2015-10-20,2030.8,2033.1,2039.1,2026.6,-0.14
2015-10-21,2018.9,2033.5,2038.0,2017.2,-0.59
2015-10-22,2052.5,2021.9,2055.2,2021.9,1.66
2015-10-23,2075.2,2058.2,2079.7,2058.2,1.11
2015-10-26,2071.2,2075.1,2075.1,2066.5,-0.19
2015-10-27,2065.9,2068.8,2070.4,2058.8,-0.26
2015-10-28,2090.3,2066.5,2090.3,2063.1,1.18
2015-10-29,2089.4,2088.3,2092.5,2082.6,-0.04
2015-10-30,2079.4,2090.0,2094.3,2079.3,-0.48
2015-11-02,2104.1,2080.8,2106.2,2080.8,1.19
2015-11-03,2109.8,2102.6,2116.5,2097.5,0.27
2015-11-04,2102.3,2110.6,2114.6,2097.0,-0.36
2015-11-05,2099.9,2101.7,2108.8,2090.4,-0.11
2015-11-06,2099.2,2098.6,2101.9,2083.7,-0.03
2015-11-09,2078.6,2096.6,2096.6,2068.2,-0.98
2015-11-10,2081.7,2077.2,2083.7,2069.9,0.15
2015-11-11,2075.0,2083.4,2086.9,2074.8,-0.32
2015-11-12,2046.0,2072.3,2072.3,2045.7,-1.4
2015-11-13,2023.0,2044.6,2044.6,2022.0,-1.12
2015-11-16,2053.2,2022.1,2053.2,2019.4,1.49
2015-11-17,2050.4,2053.7,2066.7,2045.9,-0.14
2015-11-18,2083.6,2052.0,2085.3,2052.0,1.62
2015-11-19,2081.2,2083.7,2086.7,2078.8,-0.12
2015-11-20,2089.2,2082.8,2097.1,2082.8,0.38
2015-11-23,2086.6,2089.4,2095.6,2081.4,-0.12
2015-11-24,2089.1,2084.4,2094.1,2070.3,0.12
2015-11-25,2088.9,2089.3,2093.0,2086.3,-0.01
2015-11-27,2090.1,2088.8,2093.3,2084.1,0.06
2015-11-30,2080.4,2090.9,2093.8,2080.4,-0.46
2015-12-01,2102.6,2082.9,2103.4,2082.9,1.07
2015-12-02,2079.5,2101.7,2104.3,2077.1,-1.1
2015-12-03,2049.6,2080.7,2085.0,2042.3,-1.44
2015-12-04,2091.7,2051.2,2093.8,2051.2,2.05
2015-12-07,2077.1,2090.4,2090.4,2066.8,-0.7
2015-12-08,2063.6,2073.4,2073.8,2052.3,-0.65
2015-12-09,2047.6,2061.2,2080.3,2036.5,-0.78
2015-12-10,2052.2,2047.9,2067.7,2045.7,0.22
2015-12-11,2012.4,2047.3,2047.3,2008.8,-1.94
2015-12-14,2021.9,2013.4,2022.9,1993.3,0.47
2015-12-15,2043.4,2025.5,2053.9,2025.5,1.06
2015-12-16,2073.1,2046.5,2076.7,2042.4,1.45
2015-12-17,2041.9,2073.8,2076.4,2041.7,-1.5
2015-12-18,2005.5,2040.8,2040.8,2005.3,-1.78
2015-12-21,2021.2,2010.3,2022.9,2005.9,0.78
2015-12-22,2039.0,2023.2,2042.7,2020.5,0.88
2015-12-23,2064.3,2042.2,2064.7,2042.2,1.24
2015-12-24,2061.0,2063.5,2067.4,2058.7,-0.16
2015-12-28,2056.5,2057.8,2057.8,2044.2,-0.22
2015-12-29,2078.4,2060.5,2081.6,2060.5,1.06
2015-12-30,2063.4,2077.3,2077.3,2062.0,-0.72
2015-12-31,2043.9,2060.6,2062.5,2043.6,-0.95
2016-01-04,2012.7,2038.2,2038.2,1989.7,-1.53
2016-01-05,2016.7,2013.8,2021.9,2004.2,0.2
2016-01-06,1990.3,2011.7,2011.7,1979.0,-1.31
2016-01-07,1943.1,1985.3,1985.3,1938.8,-2.37
2016-01-08,1922.0,1946.0,1960.4,1918.5,-1.09
2016-01-11,1923.7,1926.1,1935.7,1901.1,0.09
2016-01-12,1938.7,1927.8,1947.4,1914.3,0.78
2016-01-13,1890.3,1940.3,1950.3,1886.4,-2.5
2016-01-14,1921.8,1891.7,1934.5,1878.9,1.67
2016-01-15,1880.3,1916.7,1916.7,1857.8,-2.16
2016-01-19,1881.3,1888.7,1901.4,1864.6,0.05
2016-01-20,1859.3,1876.2,1876.2,1812.3,-1.17
2016-01-21,1869.0,1861.5,1889.8,1849.0,0.52
2016-01-22,1906.9,1877.4,1908.8,1877.4,2.03
2016-01-25,1877.1,1906.3,1906.3,1876.0,-1.56
2016-01-26,1903.6,1878.8,1906.7,1878.8,1.41
2016-01-27,1883.0,1902.5,1917.0,1872.7,-1.08
2016-01-28,1893.4,1885.2,1903.0,1873.7,0.55
2016-01-29,1940.2,1894.0,1940.2,1894.0,2.47
2016-02-01,1939.4,1936.9,1947.2,1920.3,-0.04
2016-02-02,1903.0,1935.3,1935.3,1897.3,-1.88
2016-02-03,1912.5,1907.1,1918.0,1872.2,0.5
2016-02-04,1915.5,1911.7,1927.3,1900.5,0.16
2016-02-05,1880.0,1913.1,1913.1,1872.7,-1.85
2016-02-08,1853.4,1873.2,1873.2,1828.5,-1.41
2016-02-09,1852.2,1848.5,1868.2,1834.9,-0.06
2016-02-10,1851.9,1857.1,1881.6,1850.3,-0.02
2016-02-11,1829.1,1847.0,1847.0,1810.1,-1.23
2016-02-12,1864.8,1833.4,1864.8,1833.4,1.95
2016-02-16,1895.6,1871.4,1895.8,1871.4,1.65
2016-02-17,1926.8,1898.8,1930.7,1898.8,1.65
2016-02-18,1917.8,1927.6,1930.0,1915.1,-0.47
2016-02-19,1917.8,1916.7,1918.8,1902.2,0.0
2016-02-22,1945.5,1924.4,1946.7,1924.4,1.44
2016-02-23,1921.3,1942.4,1942.4,1919.4,-1.24
2016-02-24,1929.8,1917.6,1932.1,1891.0,0.44
2016-02-25,1951.7,1931.9,1951.8,1925.4,1.13
2016-02-26,1948.0,1955.0,1963.0,1945.8,-0.19
2016-02-29,1932.2,1947.1,1958.3,1931.8,-0.81
2016-03-01,1978.3,1937.1,1978.3,1937.1,2.39
2016-03-02,1986.5,1976.6,1986.5,1968.8,0.41
2016-03-03,1993.4,1985.6,1993.7,1977.4,0.35
2016-03-04,2000.0,1994.0,2009.1,1986.8,0.33
2016-03-07,2001.8,1996.1,2006.1,1989.4,0.09
2016-03-08,1979.3,1996.9,1996.9,1977.4,-1.12
2016-03-09,1989.3,1981.4,1992.7,1979.8,0.51
2016-03-10,1989.6,1991.0,2005.1,1969.2,0.02
2016-03-11,2022.2,1994.7,2022.4,1994.7,1.64
2016-03-14,2019.6,2019.3,2024.6,2012.0,-0.13
2016-03-15,2015.9,2015.3,2015.9,2005.2,-0.18
2016-03-16,2027.2,2014.2,2032.0,2010.0,0.56
2016-03-17,2040.6,2026.9,2046.2,2022.2,0.66
2016-03-18,2049.6,2041.2,2052.4,2041.2,0.44
2016-03-21,2051.6,2047.9,2053.9,2043.1,0.1
2016-03-22,2049.8,2048.6,2056.6,2040.6,-0.09
2016-03-23,2036.7,2048.6,2048.6,2034.9,-0.64
2016-03-24,2035.9,2032.5,2036.0,2022.5,-0.04
2016-03-28,2037.0,2037.9,2042.7,2032.0,0.05
2016-03-29,2055.0,2035.8,2055.9,2028.3,0.88
2016-03-30,2063.9,2058.3,2072.2,2058.3,0.43
2016-03-31,2059.7,2063.8,2067.9,2057.5,-0.2
2016-04-01,2072.8,2056.6,2075.1,2044.0,0.64
2016-04-04,2066.1,2073.2,2074.0,2062.6,-0.32
2016-04-05,2045.2,2062.5,2062.5,2042.6,-1.01
2016-04-06,2066.7,2045.6,2067.3,2043.1,1.05
2016-04-07,2041.9,2063.0,2063.0,2033.8,-1.2
2016-04-08,2047.6,2045.5,2060.6,2041.7,0.28
2016-04-11,2042.0,2050.2,2062.9,2041.9,-0.27
2016-04-12,2061.7,2043.7,2065.1,2039.7,0.96
2016-04-13,2082.4,2065.9,2083.2,2065.9,1.0
2016-04-14,2082.8,2082.9,2087.8,2078.1,0.02
2016-04-15,2080.7,2083.1,2083.2,2076.3,-0.1
2016-04-18,2094.3,2078.8,2094.7,2073.7,0.65
2016-04-19,2100.8,2096.1,2104.1,2091.7,0.31
2016-04-20,2102.4,2101.5,2111.1,2096.3,0.08
2016-04-21,2091.5,2102.1,2103.8,2088.5,-0.52
2016-04-22,2091.6,2091.5,2094.3,2081.2,0.0
2016-04-25,2087.8,2089.4,2089.4,2077.5,-0.18
2016-04-26,2091.7,2089.8,2096.9,2085.8,0.19
2016-04-27,2095.2,2092.3,2099.9,2082.3,0.17
2016-04-28,2075.8,2090.9,2099.3,2071.6,-0.93
2016-04-29,2065.3,2071.8,2073.8,2052.3,-0.51
2016-05-02,2081.4,2067.2,2083.4,2066.1,0.78
2016-05-03,2063.4,2077.2,2077.2,2054.9,-0.86
2016-05-04,2051.1,2060.3,2060.3,2045.5,-0.6
2016-05-05,2050.6,2052.9,2060.2,2045.8,-0.02
2016-05-06,2057.1,2047.8,2057.7,2039.5,0.32
2016-05-09,2058.7,2057.6,2064.2,2054.3,0.08
2016-05-10,2084.4,2062.6,2084.9,2062.6,1.25
2016-05-11,2064.5,2083.3,2083.3,2064.5,-0.95
2016-05-12,2064.1,2067.2,2074.0,2053.1,-0.02
2016-05-13,2046.6,2062.5,2066.8,2043.1,-0.85
2016-05-16,2066.7,2046.5,2071.9,2046.5,0.98
2016-05-17,2047.2,2065.0,2065.7,2040.8,-0.94
2016-05-18,2047.6,2044.4,2060.6,2034.5,0.02
2016-05-19,2040.0,2044.2,2044.2,2025.9,-0.37
2016-05-20,2052.3,2041.9,2058.3,2041.9,0.6
2016-05-23,2048.0,2052.2,2055.6,2047.3,-0.21
2016-05-24,2076.1,2052.7,2079.7,2052.7,1.37
2016-05-25,2090.5,2078.9,2094.7,2078.9,0.69
2016-05-26,2090.1,2091.4,2094.3,2087.1,-0.02
2016-05-27,2099.1,2090.1,2099.1,2090.1,0.43
2016-05-31,2097.0,2100.1,2103.5,2088.7,-0.1
2016-06-01,2099.3,2093.9,2101.0,2085.1,0.11
2016-06-02,2105.3,2097.7,2105.3,2088.6,0.29
2016-06-03,2099.1,2104.1,2104.1,2085.4,-0.29
2016-06-06,2109.4,2100.8,2113.4,2100.8,0.49
2016-06-07,2112.1,2110.2,2119.2,2110.2,0.13
2016-06-08,2119.1,2112.7,2120.6,2112.7,0.33
2016-06-09,2115.5,2115.7,2117.6,2107.7,-0.17
2016-06-10,2096.1,2109.6,2109.6,2090.0,-0.92
2016-06-13,2079.1,2091.8,2098.1,2078.5,-0.81
2016-06-14,2075.3,2076.7,2081.3,2064.1,-0.18
2016-06-15,2071.5,2077.6,2085.7,2069.8,-0.18
2016-06-16,2078.0,2066.4,2079.6,2050.4,0.31
2016-06-17,2071.2,2078.2,2078.2,2062.8,-0.33
2016-06-20,2083.2,2075.6,2100.7,2075.6,0.58
2016-06-21,2088.9,2085.2,2093.7,2083.0,0.27
2016-06-22,2085.4,2089.8,2099.7,2084.4,-0.17
2016-06-23,2113.3,2092.8,2113.3,2092.8,1.34
2016-06-24,2037.4,2103.8,2103.8,2032.6,-3.59
2016-06-27,2000.5,2031.5,2031.5,1991.7,-1.81
2016-06-28,2036.1,2006.7,2036.1,2006.7,1.78
2016-06-29,2070.8,2042.7,2073.1,2042.7,1.7
2016-06-30,2098.9,2073.2,2098.9,2070.0,1.36
2016-07-01,2102.9,2099.3,2108.7,2097.9,0.19
2016-07-05,2088.6,2095.1,2095.1,2080.9,-0.68
2016-07-06,2099.7,2084.4,2100.7,2074.0,0.53
2016-07-07,2097.9,2100.4,2109.1,2089.4,-0.09
2016-07-08,2129.9,2107.0,2131.7,2107.0,1.53
2016-07-11,2137.2,2131.7,2143.2,2131.7,0.34
2016-07-12,2152.1,2139.5,2155.4,2139.5,0.7
2016-07-13,2152.4,2153.8,2156.4,2146.2,0.01
2016-07-14,2163.8,2157.9,2169.0,2157.9,0.53
2016-07-15,2161.7,2165.1,2169.1,2155.8,-0.1
2016-07-18,2166.9,2162.0,2168.3,2159.6,0.24
2016-07-19,2163.8,2163.8,2164.6,2159.0,-0.14
2016-07-20,2173.0,2166.1,2175.6,2164.9,0.43
2016-07-21,2165.2,2172.9,2174.6,2159.8,-0.36
2016-07-22,2175.0,2166.5,2175.1,2163.2,0.45
2016-07-25,2168.5,2173.7,2173.7,2161.9,-0.3
2016-07-26,2169.2,2169.0,2173.5,2160.2,0.03
2016-07-27,2166.6,2169.8,2175.0,2159.1,-0.12
2016-07-28,2170.1,2166.1,2172.8,2159.7,0.16
2016-07-29,2173.6,2168.8,2177.1,2163.5,0.16
2016-08-01,2170.8,2173.2,2178.3,2166.2,-0.13
2016-08-02,2157.0,2169.9,2170.2,2147.6,-0.64
2016-08-03,2163.8,2156.8,2163.8,2152.6,0.32
2016-08-04,2164.2,2163.5,2168.2,2159.1,0.02
2016-08-05,2182.9,2168.8,2182.9,2168.8,0.86
2016-08-08,2180.9,2183.8,2185.4,2177.8,-0.09
2016-08-09,2181.7,2182.2,2187.7,2178.6,0.04
2016-08-10,2175.5,2182.8,2183.4,2172.0,-0.28
2016-08-11,2185.8,2178.0,2188.4,2178.0,0.47
2016-08-12,2184.1,2183.7,2186.3,2179.4,-0.08
2016-08-15,2190.2,2186.1,2193.8,2186.1,0.28
2016-08-16,2178.2,2186.2,2186.2,2178.1,-0.55
2016-08-17,2182.2,2177.8,2183.1,2168.5,0.18
2016-08-18,2187.0,2181.9,2187.0,2180.5,0.22
2016-08-19,2183.9,2184.2,2185.0,2175.1,-0.14
2016-08-22,2182.6,2181.6,2185.2,2176.0,-0.06
2016-08-23,2186.9,2187.8,2193.4,2186.8,0.2
2016-08-24,2175.4,2185.1,2186.7,2171.2,-0.53
2016-08-25,2172.5,2173.3,2179.0,2169.7,-0.13
2016-08-26,2169.0,2175.1,2187.9,2160.4,-0.16
2016-08-29,2180.4,2170.2,2183.5,2170.2,0.53
2016-08-30,2176.1,2179.4,2182.3,2170.4,-0.2
2016-08-31,2170.9,2173.6,2173.8,2161.3,-0.24
2016-09-01,2170.9,2171.3,2173.6,2157.1,0.0
2016-09-02,2180.0,2177.5,2184.9,2173.6,0.42
2016-09-06,2186.5,2181.6,2186.6,2175.1,0.3
2016-09-07,2186.2,2185.2,2187.9,2179.1,-0.01
2016-09-08,2181.3,2182.8,2184.9,2177.5,-0.22
2016-09-09,2127.8,2169.1,2169.1,2127.8,-2.45
2016-09-12,2159.0,2120.9,2163.3,2119.1,1.47
2016-09-13,2127.0,2150.5,2150.5,2120.3,-1.48
2016-09-14,2125.8,2127.9,2141.3,2119.9,-0.06
2016-09-15,2147.3,2125.4,2151.3,2122.4,1.01
2016-09-16,2139.2,2146.5,2146.5,2131.2,-0.38
2016-09-19,2139.1,2144.0,2153.6,2135.9,0.0
2016-09-20,2139.8,2145.9,2150.8,2139.2,0.03
2016-09-21,2163.1,2144.6,2165.1,2139.6,1.09
2016-09-22,2177.2,2170.9,2180.0,2170.9,0.65
2016-09-23,2164.7,2173.3,2173.8,2164.0,-0.57
2016-09-26,2146.1,2158.5,2158.5,2145.0,-0.86
2016-09-27,2159.9,2146.0,2161.1,2141.6,0.64
2016-09-28,2171.4,2161.8,2172.4,2151.8,0.53
2016-09-29,2151.1,2168.9,2172.7,2145.2,-0.93
2016-09-30,2168.3,2156.5,2175.3,2156.5,0.8
2016-10-03,2161.2,2164.3,2164.4,2154.8,-0.33
2016-10-04,2150.5,2163.4,2165.5,2144.0,-0.5
2016-10-05,2159.7,2155.2,2163.9,2155.2,0.43
2016-10-06,2160.8,2158.2,2162.9,2150.3,0.05
2016-10-07,2153.7,2164.2,2165.9,2144.8,-0.33
2016-10-10,2163.7,2160.4,2169.6,2160.4,0.46
2016-10-11,2136.7,2161.3,2161.6,2128.8,-1.25
2016-10-12,2139.2,2137.7,2145.4,2132.8,0.12
2016-10-13,2132.6,2130.3,2138.2,2114.7,-0.31
2016-10-14,2133.0,2139.7,2149.2,2133.0,0.02
2016-10-17,2126.5,2132.9,2135.6,2124.4,-0.3
2016-10-18,2139.6,2138.3,2144.4,2135.5,0.62
2016-10-19,2144.3,2140.8,2148.4,2138.2,0.22
2016-10-20,2141.3,2142.5,2147.2,2133.4,-0.14
2016-10-21,2141.2,2139.4,2142.6,2130.1,0.0
2016-10-24,2151.3,2148.5,2154.8,2146.9,0.47
2016-10-25,2143.2,2149.7,2151.4,2141.9,-0.38
2016-10-26,2139.4,2137.0,2145.7,2131.6,-0.18
2016-10-27,2133.0,2144.1,2147.1,2132.5,-0.3
2016-10-28,2126.4,2132.2,2140.7,2119.4,-0.31
2016-10-31,2126.2,2129.8,2133.2,2125.5,-0.01
2016-11-01,2111.7,2128.7,2131.4,2097.8,-0.68
2016-11-02,2097.9,2109.4,2111.8,2094.0,-0.65
2016-11-03,2088.7,2098.8,2102.6,2085.2,-0.44
2016-11-04,2085.2,2083.8,2099.1,2083.8,-0.17
2016-11-07,2131.5,2100.6,2132.0,2100.6,2.22
2016-11-08,2139.6,2129.9,2146.9,2123.6,0.38
2016-11-09,2163.3,2131.6,2170.1,2125.3,1.11
2016-11-10,2167.5,2167.5,2182.3,2151.2,0.19
2016-11-11,2164.4,2162.7,2165.9,2152.5,-0.14
2016-11-14,2164.2,2165.6,2171.4,2156.1,-0.01
2016-11-15,2180.4,2168.3,2180.8,2166.4,0.75
2016-11-16,2176.9,2177.5,2179.2,2172.2,-0.16
2016-11-17,2187.1,2178.6,2188.1,2176.7,0.47
2016-11-18,2181.9,2186.8,2189.9,2180.4,-0.24
2016-11-21,2198.2,2186.4,2198.7,2186.4,0.75
2016-11-22,2202.9,2201.6,2204.8,2194.5,0.21
2016-11-23,2204.7,2198.6,2204.7,2194.5,0.08
2016-11-25,2213.3,2206.3,2213.3,2206.3,0.39
2016-11-28,2201.7,2210.2,2211.1,2200.4,-0.52
2016-11-29,2204.7,2200.8,2210.5,2198.2,0.14
2016-11-30,2198.8,2205.0,2214.1,2198.8,-0.27
2016-12-01,2191.1,2200.2,2202.6,2187.4,-0.35
2016-12-02,2191.9,2191.1,2197.9,2188.4,0.04
2016-12-05,2204.7,2200.7,2209.4,2200.0,0.58
2016-12-06,2212.2,2207.3,2212.8,2202.2,0.34
2016-12-07,2241.3,2210.7,2241.6,2208.9,1.32
2016-12-08,2246.2,2241.1,2251.7,2237.6,0.22
2016-12-09,2259.5,2249.7,2259.8,2249.2,0.59
2016-12-12,2257.0,2258.8,2264.0,2252.4,-0.11
2016-12-13,2271.7,2263.3,2277.5,2263.3,0.65
2016-12-14,2253.3,2268.3,2276.2,2248.4,-0.81
2016-12-15,2262.0,2253.8,2272.1,2253.8,0.39
2016-12-16,2258.1,2266.8,2268.1,2254.2,-0.17
2016-12-19,2262.5,2259.2,2267.5,2258.2,0.19
2016-12-20,2270.8,2266.5,2272.6,2266.1,0.37
2016-12-21,2265.2,2270.5,2271.2,2265.2,-0.25
2016-12-22,2261.0,2262.9,2263.2,2256.1,-0.19
2016-12-23,2263.8,2260.2,2263.8,2258.8,0.12
2016-12-27,2268.9,2266.2,2273.8,2266.2,0.23
2016-12-28,2249.9,2270.2,2271.3,2249.1,-0.84
2016-12-29,2249.3,2249.5,2254.5,2244.6,-0.03
2016-12-30,2238.8,2251.6,2253.6,2233.6,-0.47
2017-01-03,2257.8,2251.6,2263.9,2245.1,0.85
2017-01-04,2270.8,2261.6,2272.8,2261.6,0.58
2017-01-05,2269.0,2268.2,2271.5,2260.4,-0.08
2017-01-06,2277.0,2271.1,2282.1,2264.1,0.35
2017-01-09,2268.9,2273.6,2275.5,2268.9,-0.36
2017-01-10,2268.9,2269.7,2279.3,2265.3,0.0
2017-01-11,2275.3,2268.6,2275.3,2260.8,0.28
2017-01-12,2270.4,2271.1,2271.8,2254.2,-0.22
2017-01-13,2274.6,2272.7,2278.7,2271.5,0.18
2017-01-17,2267.9,2269.1,2272.1,2262.8,-0.29
2017-01-18,2271.9,2269.1,2272.0,2263.3,0.18
2017-01-19,2263.7,2271.9,2274.3,2258.4,-0.36
2017-01-20,2271.3,2270.0,2277.0,2265.0,0.34
2017-01-23,2265.2,2267.8,2271.8,2257.0,-0.27
2017-01-24,2280.1,2267.9,2284.6,2266.7,0.66
2017-01-25,2298.4,2288.9,2299.6,2288.9,0.8
2017-01-26,2296.7,2298.6,2301.0,2294.1,-0.07
2017-01-27,2294.7,2299.0,2299.0,2291.6,-0.09
2017-01-30,2280.9,2286.0,2286.0,2268.0,-0.6
2017-01-31,2278.9,2274.0,2279.1,2267.2,-0.09
2017-02-01,2279.6,2285.6,2289.1,2272.4,0.03
2017-02-02,2280.8,2276.7,2284.0,2271.7,0.05
2017-02-03,2297.4,2288.5,2298.3,2287.9,0.73
2017-02-06,2292.6,2294.3,2296.2,2288.6,-0.21
2017-02-07,2293.1,2295.9,2299.4,2290.2,0.02
2017-02-08,2294.7,2289.6,2295.9,2285.4,0.07
2017-02-09,2307.9,2296.7,2311.1,2296.6,0.58
2017-02-10,2316.1,2312.3,2319.2,2311.1,0.36
2017-02-13,2328.2,2321.7,2331.6,2321.4,0.52
2017-02-14,2337.6,2326.1,2337.6,2322.2,0.4
2017-02-15,2349.2,2335.6,2351.3,2334.8,0.5
2017-02-16,2347.2,2349.6,2351.3,2338.9,-0.09
2017-02-17,2351.2,2343.0,2351.2,2339.6,0.17
2017-02-21,2365.4,2354.9,2366.7,2354.9,0.6
2017-02-22,2362.8,2361.1,2365.1,2358.3,-0.11
2017-02-23,2363.8,2367.5,2368.3,2355.1,0.04
2017-02-24,2367.3,2355.7,2367.3,2352.9,0.15
2017-02-27,2369.8,2365.2,2371.5,2361.9,0.11
2017-02-28,2363.6,2366.1,2367.8,2359.0,-0.26
2017-03-01,2396.0,2380.1,2401.0,2380.1,1.37
2017-03-02,2381.9,2394.8,2394.8,2380.2,-0.59
2017-03-03,2383.1,2380.9,2383.9,2375.4,0.05
2017-03-06,2375.3,2375.2,2378.8,2368.0,-0.33
2017-03-07,2368.4,2370.7,2375.1,2365.5,-0.29
2017-03-08,2363.0,2369.8,2373.1,2361.0,-0.23
2017-03-09,2364.9,2363.5,2369.1,2354.5,0.08
2017-03-10,2372.6,2372.5,2376.9,2363.0,0.33
2017-03-13,2373.5,2371.6,2374.4,2368.5,0.04
2017-03-14,2365.4,2368.6,2368.6,2358.2,-0.34
2017-03-15,2385.3,2370.3,2390.0,2368.9,0.84
2017-03-16,2381.4,2387.7,2388.1,2377.2,-0.16
2017-03-17,2378.2,2383.7,2385.7,2377.6,-0.13
2017-03-20,2373.5,2378.2,2379.6,2369.7,-0.2
2017-03-21,2344.0,2379.3,2381.9,2341.9,-1.24
2017-03-22,2348.4,2343.0,2351.8,2336.4,0.19
2017-03-23,2346.0,2346.0,2358.9,2342.1,-0.1
2017-03-24,2344.0,2350.4,2356.2,2335.7,-0.09
2017-03-27,2341.6,2329.1,2344.9,2322.2,-0.1
2017-03-28,2358.6,2339.8,2363.8,2337.6,0.73
2017-03-29,2361.1,2356.5,2363.4,2352.9,0.11
2017-03-30,2368.1,2361.3,2370.4,2358.6,0.3
2017-03-31,2362.7,2364.8,2370.3,2362.6,-0.23
2017-04-03,2358.8,2362.3,2365.9,2344.7,-0.17
2017-04-04,2360.2,2354.8,2360.5,2350.7,0.06
2017-04-05,2352.9,2366.6,2378.4,2350.5,-0.31
2017-04-06,2357.5,2353.8,2364.2,2348.9,0.2
2017-04-07,2355.5,2356.6,2363.8,2350.7,-0.08
2017-04-10,2357.2,2357.2,2366.4,2351.5,0.07
2017-04-11,2353.8,2353.9,2355.2,2337.2,-0.14
2017-04-12,2344.9,2352.2,2352.7,2341.2,-0.38
2017-04-13,2328.9,2342.0,2348.3,2328.9,-0.68
2017-04-17,2349.0,2332.6,2349.1,2332.5,0.86
2017-04-18,2342.2,2342.5,2348.3,2334.5,-0.29
2017-04-19,2338.2,2346.8,2352.6,2335.1,-0.17
2017-04-20,2355.8,2342.7,2361.4,2340.9,0.75
2017-04-21,2348.7,2354.7,2356.2,2344.5,-0.3
2017-04-24,2374.2,2370.3,2377.0,2369.2,1.09
2017-04-25,2388.6,2381.5,2392.5,2381.2,0.61
2017-04-26,2387.4,2389.0,2398.2,2386.8,-0.05
2017-04-27,2388.8,2389.7,2392.1,2382.7,0.06
2017-04-28,2384.2,2393.7,2393.7,2382.4,-0.19
2017-05-01,2388.3,2388.5,2394.5,2384.8,0.17
2017-05-02,2391.2,2391.1,2392.9,2385.8,0.12
2017-05-03,2388.1,2386.5,2389.8,2379.8,-0.13
2017-05-04,2389.5,2389.8,2391.4,2380.3,0.06
2017-05-05,2399.3,2392.4,2399.3,2389.4,0.41
2017-05-08,2399.4,2399.9,2401.4,2393.9,0.0
2017-05-09,2396.9,2401.6,2403.9,2392.4,-0.1
2017-05-10,2399.6,2396.8,2399.7,2392.8,0.11
2017-05-11,2394.4,2394.8,2395.7,2381.7,-0.22
2017-05-12,2390.9,2392.4,2392.4,2387.2,-0.15
2017-05-15,2402.3,2394.0,2404.1,2393.9,0.48
2017-05-16,2400.7,2404.6,2405.8,2396.1,-0.07
2017-05-17,2357.0,2382.9,2384.9,2356.2,-1.82
2017-05-18,2365.7,2354.7,2375.7,2352.7,0.37
2017-05-19,2381.7,2371.4,2389.1,2370.4,0.68
2017-05-22,2394.0,2387.2,2395.5,2386.9,0.52
2017-05-23,2398.4,2397.0,2400.8,2393.9,0.18
2017-05-24,2404.4,2401.4,2405.6,2398.0,0.25
2017-05-25,2415.1,2409.5,2418.7,2408.0,0.45
2017-05-26,2415.8,2414.5,2416.7,2412.2,0.03
2017-05-30,2412.9,2411.7,2415.3,2409.4,-0.12
2017-05-31,2411.8,2415.6,2416.0,2403.6,-0.05
2017-06-01,2430.1,2415.7,2430.1,2413.5,0.76
2017-06-02,2439.1,2431.3,2440.2,2427.7,0.37
2017-06-05,2436.1,2437.8,2439.6,2434.3,-0.12
2017-06-06,2429.3,2431.9,2436.2,2428.1,-0.28
2017-06-07,2433.1,2432.0,2435.3,2424.8,0.16
2017-06-08,2433.8,2434.3,2439.3,2427.9,0.03
2017-06-09,2431.8,2436.4,2446.2,2415.7,-0.08
2017-06-12,2429.4,2425.9,2430.4,2420.0,-0.1
2017-06-13,2440.3,2434.2,2441.5,2431.3,0.45
2017-06-14,2437.9,2443.8,2443.8,2428.3,-0.1
2017-06-15,2432.5,2424.1,2433.9,2418.5,-0.22
2017-06-16,2433.2,2431.2,2433.2,2422.9,0.03
2017-06-19,2453.5,2442.6,2453.8,2441.8,0.83
2017-06-20,2437.0,2450.7,2450.7,2436.6,-0.67
2017-06-21,2435.6,2439.3,2442.2,2430.7,-0.06
2017-06-22,2434.5,2437.4,2441.6,2433.3,-0.05
2017-06-23,2438.3,2434.7,2441.4,2431.1,0.16
2017-06-26,2439.1,2443.3,2450.4,2437.0,0.03
2017-06-27,2419.4,2436.3,2440.2,2419.4,-0.81
2017-06-28,2440.7,2428.7,2443.0,2428.0,0.88
2017-06-29,2419.7,2442.4,2442.7,2405.7,-0.86
2017-06-30,2423.4,2429.2,2432.7,2421.7,0.15
2017-07-03,2429.0,2431.4,2439.2,2428.7,0.23
2017-07-05,2432.5,2430.8,2434.9,2422.1,0.14
2017-07-06,2409.8,2423.4,2424.3,2407.7,-0.93
2017-07-07,2425.2,2413.5,2426.9,2413.5,0.64
2017-07-10,2427.4,2424.5,2432.0,2422.3,0.09
2017-07-11,2425.5,2427.3,2429.3,2412.8,-0.08
2017-07-12,2443.2,2435.8,2445.8,2435.8,0.73
2017-07-13,2447.8,2445.0,2449.3,2441.7,0.19
2017-07-14,2459.3,2449.2,2463.5,2446.7,0.47
2017-07-17,2459.1,2459.5,2462.8,2457.2,-0.01
2017-07-18,2460.6,2455.9,2460.9,2450.3,0.06
2017-07-19,2473.8,2463.8,2473.8,2463.8,0.54
2017-07-20,2473.4,2475.6,2477.6,2468.4,-0.02
2017-07-21,2472.5,2467.4,2472.5,2465.1,-0.04
2017-07-24,2469.9,2472.0,2473.1,2466.3,-0.11
2017-07-25,2477.1,2477.9,2481.2,2474.9,0.29
2017-07-26,2477.8,2480.0,2481.7,2474.9,0.03
2017-07-27,2475.4,2482.8,2484.0,2459.9,-0.1
2017-07-28,2472.1,2469.1,2473.5,2464.7,-0.13
2017-07-31,2470.3,2475.9,2478.0,2468.5,-0.07
2017-08-01,2476.3,2477.1,2478.5,2471.1,0.24
2017-08-02,2477.6,2480.4,2480.4,2466.5,0.05
2017-08-03,2472.2,2476.0,2476.0,2468.8,-0.22
2017-08-04,2476.8,2476.9,2480.0,2472.1,0.19
2017-08-07,2480.9,2477.1,2480.9,2475.9,0.17
2017-08-08,2474.9,2478.3,2490.9,2470.3,-0.24
2017-08-09,2474.0,2465.3,2474.4,2462.1,-0.04
2017-08-10,2438.2,2465.4,2465.4,2437.8,-1.45
2017-08-11,2441.3,2441.0,2448.1,2437.8,0.13
2017-08-14,2465.8,2455.0,2468.2,2455.0,1.0
2017-08-15,2464.6,2468.7,2468.9,2461.6,-0.05
2017-08-16,2468.1,2468.6,2474.9,2463.9,0.14
2017-08-17,2430.0,2462.9,2465.0,2430.0,-1.54
2017-08-18,2425.6,2427.6,2440.3,2420.7,-0.18
2017-08-21,2428.4,2425.5,2430.6,2417.3,0.12
2017-08-22,2452.5,2433.8,2454.8,2433.7,0.99
2017-08-23,2444.0,2444.9,2448.9,2441.4,-0.35
2017-08-24,2439.0,2447.9,2450.4,2436.2,-0.2
2017-08-25,2443.1,2444.7,2454.0,2442.2,0.17
2017-08-28,2444.2,2447.3,2449.1,2439.0,0.05
2017-08-29,2446.3,2431.9,2449.2,2428.2,0.09
2017-08-30,2457.6,2446.1,2460.3,2443.8,0.46
2017-08-31,2471.7,2462.7,2475.0,2462.7,0.57
2017-09-01,2476.6,2474.4,2480.4,2473.8,0.2
2017-09-05,2457.8,2470.3,2472.0,2446.6,-0.76
2017-09-06,2465.5,2463.8,2469.6,2459.2,0.31
2017-09-07,2465.1,2468.1,2468.6,2460.3,-0.02
2017-09-08,2461.4,2462.2,2467.1,2459.4,-0.15
2017-09-11,2488.1,2474.5,2488.9,2474.5,1.08
2017-09-12,2496.5,2491.9,2496.8,2490.4,0.34
2017-09-13,2498.4,2493.9,2498.4,2492.1,0.08
2017-09-14,2495.6,2494.6,2498.4,2491.3,-0.11
2017-09-15,2500.2,2495.7,2500.2,2493.2,0.18
2017-09-18,2503.9,2502.5,2508.3,2499.9,0.15
2017-09-19,2506.7,2506.3,2507.8,2503.2,0.11
2017-09-20,2508.2,2506.8,2508.8,2496.7,0.06
2017-09-21,2500.6,2507.2,2507.2,2499.0,-0.3
2017-09-22,2502.2,2497.3,2503.5,2496.5,0.06
2017-09-25,2496.7,2499.4,2502.5,2488.0,-0.22
2017-09-26,2496.8,2501.0,2503.5,2495.1,0.0
2017-09-27,2507.0,2503.3,2511.8,2495.9,0.41
2017-09-28,2510.1,2503.4,2510.8,2502.9,0.12
2017-09-29,2519.4,2510.0,2519.4,2508.0,0.37
2017-10-02,2529.1,2521.2,2529.2,2520.4,0.39
2017-10-03,2534.6,2530.3,2535.1,2528.8,0.22
2017-10-04,2537.7,2533.5,2540.5,2531.8,0.12
2017-10-05,2552.1,2540.9,2552.5,2540.0,0.57
2017-10-06,2549.3,2547.4,2549.4,2543.8,-0.11
2017-10-09,2544.7,2551.4,2551.8,2541.6,-0.18
2017-10-10,2550.6,2550.0,2555.2,2544.9,0.23
2017-10-11,2555.2,2550.6,2555.2,2547.9,0.18
2017-10-12,2550.9,2552.9,2555.3,2548.3,-0.17
2017-10-13,2553.2,2555.7,2557.7,2552.1,0.09
2017-10-16,2557.6,2555.6,2559.5,2552.6,0.17
2017-10-17,2559.4,2557.2,2559.7,2554.7,0.07
2017-10-18,2561.3,2562.9,2564.1,2559.7,0.07
2017-10-19,2562.1,2553.4,2562.4,2547.9,0.03
2017-10-20,2575.2,2567.6,2575.4,2567.6,0.51
2017-10-23,2565.0,2578.1,2578.3,2564.3,-0.4
2017-10-24,2569.1,2568.7,2572.2,2565.6,0.16
2017-10-25,2557.2,2566.5,2567.4,2544.0,-0.46
2017-10-26,2560.4,2560.1,2567.1,2559.8,0.13
2017-10-27,2581.1,2570.3,2583.0,2565.9,0.81
2017-10-30,2572.8,2577.8,2580.0,2568.2,-0.32
2017-10-31,2575.3,2576.0,2578.3,2572.2,0.1
2017-11-01,2579.4,2583.2,2588.4,2574.9,0.16
2017-11-02,2579.8,2579.5,2581.1,2566.2,0.02
2017-11-03,2587.8,2581.9,2588.4,2576.8,0.31
2017-11-06,2591.1,2587.5,2593.4,2585.7,0.13
2017-11-07,2590.6,2592.1,2597.0,2584.3,-0.02
2017-11-08,2594.4,2588.7,2595.5,2585.0,0.15
2017-11-09,2584.6,2584.0,2586.5,2566.3,-0.38
2017-11-10,2582.3,2580.2,2583.8,2575.6,-0.09
2017-11-13,2584.8,2576.5,2587.7,2574.5,0.1
2017-11-14,2578.9,2577.8,2579.7,2566.6,-0.23
2017-11-15,2564.6,2569.4,2572.8,2557.4,-0.55
2017-11-16,2585.6,2572.9,2590.1,2572.9,0.82
2017-11-17,2578.8,2582.9,2584.0,2577.6,-0.26
2017-11-20,2582.1,2579.5,2584.6,2578.2,0.13
2017-11-21,2599.0,2589.2,2601.2,2589.2,0.65
2017-11-22,2597.1,2600.3,2600.9,2595.2,-0.07
2017-11-24,2602.4,2600.4,2604.2,2600.4,0.2
2017-11-27,2601.4,2602.7,2606.4,2598.9,-0.04
2017-11-28,2627.0,2605.9,2627.7,2605.4,0.98
2017-11-29,2626.1,2627.8,2634.9,2620.3,-0.03
2017-11-30,2647.6,2633.9,2657.7,2633.9,0.82
2017-12-01,2642.2,2645.1,2650.6,2605.5,-0.2
2017-12-04,2639.4,2657.2,2665.2,2639.0,-0.11
2017-12-05,2629.6,2639.8,2648.7,2627.7,-0.37
2017-12-06,2629.3,2626.2,2634.4,2624.8,-0.01
2017-12-07,2637.0,2628.4,2641.0,2626.5,0.29
2017-12-08,2651.5,2646.2,2651.7,2644.1,0.55
2017-12-11,2660.0,2652.2,2660.3,2651.5,0.32
2017-12-12,2664.1,2661.7,2669.7,2659.8,0.15
2017-12-13,2662.8,2667.6,2671.9,2662.8,-0.05
2017-12-14,2652.0,2665.9,2668.1,2652.0,-0.41
2017-12-15,2675.8,2660.6,2679.6,2659.1,0.9
2017-12-18,2690.2,2685.9,2695.0,2685.9,0.54
2017-12-19,2681.5,2692.7,2694.4,2680.7,-0.32
2017-12-20,2679.2,2688.2,2691.0,2676.1,-0.09
2017-12-21,2684.6,2683.0,2692.6,2682.4,0.2
2017-12-22,2683.3,2684.2,2685.3,2678.1,-0.05
2017-12-26,2680.5,2679.1,2682.7,2678.0,-0.1
2017-12-27,2682.6,2682.1,2685.6,2678.9,0.08
2017-12-28,2687.5,2686.1,2687.7,2682.7,0.18
2017-12-29,2673.6,2689.2,2692.1,2673.6,-0.52
2018-01-02,2695.8,2683.7,2695.9,2682.4,0.83
2018-01-03,2713.1,2697.8,2714.4,2697.8,0.64
2018-01-04,2724.0,2719.3,2729.3,2719.1,0.4
2018-01-05,2743.2,2731.3,2743.4,2727.9,0.7
2018-01-08,2747.7,2742.7,2748.5,2737.6,0.16
2018-01-09,2751.3,2751.2,2759.1,2747.9,0.13
2018-01-10,2748.2,2745.6,2750.8,2736.1,-0.11
2018-01-11,2767.6,2753.0,2767.6,2752.8,0.71
2018-01-12,2786.2,2770.2,2787.8,2769.6,0.67
2018-01-16,2776.4,2799.0,2807.5,2768.6,-0.35
2018-01-17,2802.6,2785.0,2807.0,2778.4,0.94
2018-01-18,2798.0,2802.4,2805.8,2792.6,-0.16
2018-01-19,2810.3,2802.6,2810.3,2798.1,0.44
2018-01-22,2833.0,2809.2,2833.0,2808.1,0.81
2018-01-23,2839.1,2835.1,2842.2,2830.6,0.22
2018-01-24,2837.5,2845.4,2853.0,2824.8,-0.06
2018-01-25,2839.2,2846.2,2848.6,2830.9,0.06
2018-01-26,2872.9,2847.5,2872.9,2846.2,1.19
2018-01-29,2853.5,2867.2,2870.6,2851.5,-0.68
2018-01-30,2822.4,2832.7,2837.8,2818.3,-1.09
2018-01-31,2823.8,2832.4,2839.3,2813.0,0.05
2018-02-01,2822.0,2816.4,2836.0,2812.7,-0.06
2018-02-02,2762.1,2808.9,2808.9,2760.0,-2.12
2018-02-05,2648.9,2741.1,2763.4,2638.2,-4.1
2018-02-06,2695.1,2614.8,2701.0,2593.1,1.74
2018-02-07,2681.7,2690.9,2727.7,2681.3,-0.5
2018-02-08,2581.0,2685.0,2685.3,2580.6,-3.76
2018-02-09,2619.6,2601.8,2638.7,2532.7,1.5
2018-02-12,2656.0,2636.8,2672.6,2622.4,1.39
2018-02-13,2662.9,2646.3,2668.8,2637.1,0.26
2018-02-14,2698.6,2651.2,2702.1,2648.9,1.34
2018-02-15,2731.2,2713.5,2731.5,2689.8,1.21
2018-02-16,2732.2,2727.1,2754.4,2725.1,0.04
2018-02-20,2716.3,2723.0,2737.6,2706.8,-0.58
2018-02-21,2701.3,2720.5,2747.8,2701.3,-0.55
2018-02-22,2704.0,2710.4,2731.3,2697.8,0.1
2018-02-23,2747.3,2715.8,2747.8,2713.7,1.6
2018-02-26,2779.6,2757.4,2780.6,2753.8,1.18
2018-02-27,2744.3,2780.4,2789.2,2744.2,-1.27
2018-02-28,2713.8,2753.8,2761.5,2713.5,-1.11
2018-03-01,2677.7,2715.2,2730.9,2659.7,-1.33
2018-03-02,2691.2,2658.9,2696.2,2647.3,0.5
2018-03-05,2720.9,2681.1,2728.1,2675.8,1.1
2018-03-06,2728.1,2730.2,2732.1,2711.3,0.26
2018-03-07,2726.8,2710.2,2730.6,2701.7,-0.05
2018-03-08,2739.0,2732.8,2740.4,2722.7,0.45
2018-03-09,2786.6,2752.9,2786.6,2751.5,1.74
2018-03-12,2783.0,2790.5,2797.0,2779.3,-0.13
2018-03-13,2765.3,2792.3,2801.9,2758.7,-0.64
2018-03-14,2749.5,2774.1,2777.1,2744.4,-0.57
2018-03-15,2747.3,2754.3,2763.0,2741.5,-0.08
2018-03-16,2752.0,2750.6,2761.8,2750.0,0.17
2018-03-19,2712.9,2741.4,2741.4,2694.6,-1.42
2018-03-20,2716.9,2715.1,2724.2,2710.1,0.15
2018-03-21,2711.9,2715.0,2739.1,2709.8,-0.18
2018-03-22,2643.7,2691.4,2695.7,2641.6,-2.51
2018-03-23,2588.3,2646.7,2657.7,2585.9,-2.1
2018-03-26,2658.6,2619.3,2661.4,2601.8,2.72
2018-03-27,2612.6,2667.6,2674.8,2596.1,-1.73
2018-03-28,2605.0,2611.3,2632.7,2593.1,-0.29
2018-03-29,2640.9,2614.4,2659.1,2609.7,1.38
2018-04-02,2581.9,2633.4,2638.3,2553.8,-2.23
2018-04-03,2614.4,2592.2,2619.1,2575.5,1.26
2018-04-04,2644.7,2584.0,2649.9,2573.6,1.16
2018-04-05,2662.8,2657.4,2672.1,2649.6,0.68
2018-04-06,2604.5,2645.8,2656.9,2586.3,-2.19
2018-04-09,2613.2,2617.2,2653.6,2610.8,0.33
2018-04-10,2656.9,2638.4,2665.4,2635.8,1.67
2018-04-11,2642.2,2643.9,2661.4,2639.2,-0.55
2018-04-12,2664.0,2653.8,2674.7,2653.8,0.83
2018-04-13,2656.3,2676.9,2680.3,2645.1,-0.29
2018-04-16,2677.8,2670.1,2686.5,2665.2,0.81
2018-04-17,2706.4,2692.7,2713.3,2692.1,1.07
2018-04-18,2708.6,2710.1,2717.5,2703.6,0.08
2018-04-19,2693.1,2701.2,2702.8,2681.9,-0.57
2018-04-20,2670.1,2692.6,2693.9,2660.6,-0.85
2018-04-23,2670.3,2675.4,2682.9,2658.0,0.01
2018-04-24,2634.6,2680.8,2683.6,2617.3,-1.34
2018-04-25,2639.4,2634.9,2645.3,2612.7,0.18
2018-04-26,2666.9,2651.7,2676.5,2647.2,1.04
2018-04-27,2669.9,2675.5,2677.3,2659.0,0.11
2018-04-30,2648.1,2675.1,2682.9,2648.0,-0.82
2018-05-01,2654.8,2643.6,2655.3,2625.4,0.25
2018-05-02,2635.7,2654.2,2660.9,2631.7,-0.72
2018-05-03,2629.7,2628.1,2637.1,2594.6,-0.23
2018-05-04,2663.4,2621.4,2670.9,2615.3,1.28
2018-05-07,2672.6,2669.4,2683.3,2664.7,0.35
2018-05-08,2671.9,2670.3,2676.3,2655.2,-0.03
2018-05-09,2697.8,2678.1,2701.3,2674.1,0.97
2018-05-10,2723.1,2705.0,2726.1,2704.5,0.94
2018-05-11,2727.7,2722.7,2732.9,2717.4,0.17
2018-05-14,2730.1,2733.4,2742.1,2725.5,0.09
2018-05-15,2711.4,2718.6,2718.6,2701.9,-0.68
2018-05-16,2722.5,2712.6,2727.8,2712.2,0.41
2018-05-17,2720.1,2719.7,2732.0,2711.4,-0.09
2018-05-18,2713.0,2717.3,2719.5,2709.2,-0.26
2018-05-21,2733.0,2725.9,2739.2,2725.7,0.74
2018-05-22,2724.4,2738.3,2742.2,2721.9,-0.31
2018-05-23,2733.3,2714.0,2733.3,2709.5,0.33
2018-05-24,2727.8,2730.9,2732.0,2707.4,-0.2
2018-05-25,2721.3,2723.6,2727.4,2715.0,-0.24
2018-05-29,2689.9,2705.1,2710.7,2676.8,-1.15
2018-05-30,2724.0,2702.4,2729.3,2702.4,1.27
2018-05-31,2705.3,2721.0,2722.5,2700.7,-0.69
2018-06-01,2734.6,2718.7,2736.9,2718.7,1.08
2018-06-04,2746.9,2741.7,2749.2,2740.5,0.45
2018-06-05,2748.8,2748.5,2752.6,2739.5,0.07
2018-06-06,2772.3,2753.2,2772.4,2748.5,0.85
2018-06-07,2770.4,2774.8,2779.9,2760.2,-0.07
2018-06-08,2779.0,2765.8,2779.4,2763.6,0.31
2018-06-11,2782.0,2780.2,2790.2,2780.2,0.11
2018-06-12,2786.8,2785.6,2789.8,2778.8,0.17
2018-06-13,2775.6,2787.9,2791.5,2774.7,-0.4
2018-06-14,2782.5,2783.2,2789.1,2776.5,0.25
2018-06-15,2779.7,2777.8,2782.8,2761.7,-0.1
2018-06-18,2773.8,2765.8,2775.0,2757.1,-0.21
2018-06-19,2762.6,2752.0,2765.1,2743.2,-0.4
2018-06-20,2767.3,2769.7,2774.9,2763.9,0.17
2018-06-21,2749.8,2769.3,2769.3,2744.4,-0.63
2018-06-22,2754.9,2760.8,2764.2,2752.7,0.19
2018-06-25,2717.1,2742.9,2742.9,2698.7,-1.37
2018-06-26,2723.1,2722.1,2732.9,2715.6,0.22
2018-06-27,2699.6,2728.4,2746.1,2699.4,-0.86
2018-06-28,2716.3,2698.7,2724.3,2692.0,0.62
2018-06-29,2718.4,2727.1,2743.3,2718.0,0.08
2018-07-02,2726.7,2704.9,2727.3,2698.9,0.31
2018-07-03,2713.2,2733.3,2736.6,2711.2,-0.5
2018-07-05,2736.6,2724.2,2737.8,2716.0,0.86
2018-07-06,2759.8,2737.7,2764.4,2733.5,0.85
2018-07-09,2784.2,2768.5,2784.7,2768.5,0.88
2018-07-10,2793.8,2788.6,2795.6,2786.2,0.34
2018-07-11,2774.0,2779.8,2785.9,2770.8,-0.71
2018-07-12,2798.3,2783.1,2799.2,2781.5,0.88
2018-07-13,2801.3,2796.9,2804.5,2791.7,0.11
2018-07-16,2798.4,2801.4,2803.7,2793.4,-0.1
2018-07-17,2809.6,2789.3,2814.2,2789.2,0.4
2018-07-18,2815.6,2811.3,2816.8,2805.9,0.21
2018-07-19,2804.5,2809.4,2812.1,2799.8,-0.39
2018-07-20,2801.8,2804.6,2809.7,2800.0,-0.1
2018-07-23,2807.0,2799.2,2808.6,2795.1,0.19
2018-07-24,2820.4,2820.7,2830.0,2811.1,0.48
2018-07-25,2846.1,2817.7,2848.0,2817.7,0.91
2018-07-26,2837.4,2835.5,2845.6,2835.3,-0.31
2018-07-27,2818.8,2842.3,2843.2,2808.3,-0.66
2018-07-30,2802.6,2819.0,2821.7,2798.1,-0.57
2018-07-31,2816.3,2809.7,2824.5,2808.1,0.49
2018-08-01,2813.4,2821.2,2825.8,2805.8,-0.1
2018-08-02,2827.2,2800.5,2829.9,2796.3,0.49
2018-08-03,2840.3,2829.6,2840.4,2827.4,0.46
2018-08-06,2850.4,2840.3,2853.3,2836.0,0.36
2018-08-07,2858.4,2855.9,2863.4,2855.9,0.28
2018-08-08,2857.7,2856.8,2862.4,2853.1,-0.02
2018-08-09,2853.6,2857.2,2862.5,2852.0,-0.14
2018-08-10,2833.3,2839.6,2842.2,2825.8,-0.71
2018-08-13,2821.9,2835.5,2843.4,2819.9,-0.4
2018-08-14,2840.0,2827.9,2843.1,2826.6,0.64
2018-08-15,2818.4,2827.9,2827.9,2802.5,-0.76
2018-08-16,2840.7,2831.4,2850.5,2831.4,0.79
2018-08-17,2850.1,2838.3,2855.6,2833.7,0.33
2018-08-20,2857.1,2853.9,2859.8,2850.6,0.25
2018-08-21,2863.0,2861.5,2873.2,2861.3,0.21
2018-08-22,2861.8,2861.0,2867.5,2856.1,-0.04
2018-08-23,2857.0,2860.3,2868.8,2854.0,-0.17
2018-08-24,2874.7,2862.3,2876.2,2862.3,0.62
2018-08-27,2896.7,2884.7,2898.2,2884.7,0.77
2018-08-28,2897.5,2901.4,2903.8,2893.5,0.03
2018-08-29,2914.0,2900.6,2916.5,2898.4,0.57
2018-08-30,2901.1,2908.9,2912.5,2895.2,-0.44
2018-08-31,2901.5,2898.4,2906.3,2891.7,0.01
2018-09-04,2896.7,2897.0,2900.2,2885.1,-0.17
2018-09-05,2888.6,2891.6,2894.2,2876.9,-0.28
2018-09-06,2878.1,2888.6,2892.1,2867.3,-0.36
2018-09-07,2871.7,2868.3,2883.8,2864.1,-0.22
2018-09-10,2877.1,2881.4,2886.9,2875.9,0.19
2018-09-11,2887.9,2871.6,2892.5,2866.8,0.38
2018-09-12,2888.9,2888.3,2894.7,2879.2,0.03
2018-09-13,2904.2,2896.8,2906.8,2896.4,0.53
2018-09-14,2905.0,2906.4,2908.3,2895.8,0.03
2018-09-17,2888.8,2903.8,2904.7,2886.2,-0.56
2018-09-18,2904.3,2890.7,2911.2,2890.4,0.54
2018-09-19,2907.9,2906.6,2912.4,2903.8,0.12
2018-09-20,2930.8,2919.7,2934.8,2919.7,0.79
2018-09-21,2929.7,2936.8,2940.9,2927.1,-0.04
2018-09-24,2919.4,2921.8,2923.8,2912.6,-0.35
2018-09-25,2915.6,2921.8,2923.9,2913.7,-0.13
2018-09-26,2906.0,2917.0,2931.2,2903.3,-0.33
2018-09-27,2914.0,2911.7,2927.2,2909.3,0.28
2018-09-28,2914.0,2910.0,2920.5,2907.5,0.0
2018-10-01,2924.6,2926.3,2937.1,2917.9,0.36
2018-10-02,2923.4,2923.8,2931.4,2919.4,-0.04
2018-10-03,2925.5,2931.7,2939.9,2921.4,0.07
2018-10-04,2901.6,2919.3,2919.8,2883.9,-0.82
2018-10-05,2885.6,2902.5,2909.6,2869.3,-0.55
2018-10-08,2884.4,2877.5,2889.4,2862.1,-0.04
2018-10-09,2880.3,2882.5,2894.8,2874.3,-0.14
2018-10-10,2785.7,2873.9,2874.0,2784.9,-3.28
2018-10-11,2728.4,2776.9,2795.1,2710.5,-2.06
2018-10-12,2767.1,2770.5,2775.8,2729.4,1.42
2018-10-15,2750.8,2763.8,2776.0,2749.0,-0.59
2018-10-16,2809.9,2767.1,2813.5,2766.9,2.15
2018-10-17,2809.2,2811.7,2816.9,2781.8,-0.02
2018-10-18,2768.8,2802.0,2806.0,2755.2,-1.44
2018-10-19,2767.8,2775.7,2797.8,2760.3,-0.04
2018-10-22,2755.9,2773.9,2778.9,2749.2,-0.43
2018-10-23,2740.7,2721.0,2753.6,2691.4,-0.55
2018-10-24,2656.1,2737.9,2742.6,2651.9,-3.09
2018-10-25,2705.6,2674.9,2722.7,2667.8,1.86
2018-10-26,2658.7,2667.9,2692.4,2628.2,-1.73
2018-10-29,2641.2,2682.7,2706.8,2603.5,-0.66
2018-10-30,2682.6,2640.7,2685.4,2635.3,1.57
2018-10-31,2711.7,2705.6,2736.7,2705.6,1.08
2018-11-01,2740.4,2717.6,2741.7,2708.8,1.06
2018-11-02,2723.1,2745.4,2756.6,2700.4,-0.63
2018-11-05,2738.3,2726.4,2744.3,2717.9,0.56
2018-11-06,2755.4,2738.4,2756.8,2737.1,0.62
2018-11-07,2813.9,2774.1,2815.2,2774.1,2.12
2018-11-08,2806.8,2806.4,2814.8,2795.0,-0.25
2018-11-09,2781.0,2794.1,2794.1,2764.2,-0.92
2018-11-12,2726.2,2773.9,2776.0,2722.0,-1.97
2018-11-13,2722.2,2730.1,2754.6,2715.0,-0.15
2018-11-14,2701.6,2737.9,2746.8,2685.8,-0.76
2018-11-15,2730.2,2693.5,2735.4,2670.8,1.06
2018-11-16,2736.3,2718.5,2746.8,2712.2,0.22
2018-11-19,2690.7,2730.7,2733.2,2681.1,-1.67
2018-11-20,2641.9,2654.6,2669.4,2631.5,-1.81
2018-11-21,2649.9,2657.7,2670.7,2649.8,0.3
2018-11-23,2632.6,2633.4,2647.6,2631.1,-0.65
2018-11-26,2673.4,2650.0,2674.3,2650.0,1.55
2018-11-27,2682.2,2663.8,2682.5,2655.9,0.33
2018-11-28,2743.8,2691.4,2744.0,2684.4,2.3
2018-11-29,2737.8,2737.0,2753.8,2722.9,-0.22
2018-11-30,2760.2,2737.8,2760.9,2732.8,0.82
2018-12-03,2790.4,2790.5,2800.2,2773.4,1.09
2018-12-04,2700.1,2782.4,2785.9,2697.2,-3.24
2018-12-06,2695.9,2663.5,2696.2,2621.5,-0.16
2018-12-07,2633.1,2691.3,2708.5,2623.1,-2.33
2018-12-10,2637.7,2630.9,2647.5,2583.2,0.17
2018-12-11,2636.8,2664.4,2674.3,2621.3,-0.03
2018-12-12,2651.1,2658.2,2685.4,2650.3,0.54
2018-12-13,2650.5,2658.7,2670.2,2637.3,-0.02
2018-12-14,2599.9,2629.7,2635.1,2593.8,-1.91
2018-12-17,2545.9,2590.8,2601.1,2530.5,-2.08
2018-12-18,2546.2,2559.9,2574.0,2528.7,0.01
2018-12-19,2507.0,2547.1,2585.3,2489.0,-1.54
2018-12-20,2467.4,2496.8,2509.6,2441.2,-1.58
2018-12-21,2416.6,2465.4,2504.4,2408.6,-2.06
2018-12-24,2351.1,2400.6,2410.3,2351.1,-2.71
2018-12-26,2467.7,2363.1,2467.8,2346.6,4.96
2018-12-27,2488.8,2442.5,2489.1,2397.9,0.86
2018-12-28,2485.7,2498.8,2520.3,2472.9,-0.12
2018-12-31,2506.8,2498.9,2509.2,2482.8,0.85
2019-01-02,2510.0,2477.0,2519.5,2467.5,0.13
2019-01-03,2447.9,2491.9,2493.1,2444.0,-2.47
2019-01-04,2531.9,2474.3,2538.1,2474.3,3.43
2019-01-07,2549.7,2535.6,2566.2,2524.6,0.7
2019-01-08,2574.4,2568.1,2579.8,2547.6,0.97
2019-01-09,2585.0,2580.0,2595.3,2568.9,0.41
2019-01-10,2596.6,2573.5,2597.8,2562.0,0.45
2019-01-11,2596.3,2588.1,2596.3,2577.4,-0.01
2019-01-14,2582.6,2580.3,2589.3,2570.4,-0.53
2019-01-15,2610.3,2585.1,2613.1,2585.1,1.07
2019-01-16,2616.1,2614.8,2625.8,2612.7,0.22
2019-01-17,2636.0,2609.3,2645.1,2606.4,0.76
2019-01-18,2670.7,2651.3,2675.5,2647.6,1.32
2019-01-22,2632.9,2657.9,2657.9,2617.3,-1.42
2019-01-23,2638.7,2643.5,2653.2,2612.9,0.22
2019-01-24,2642.3,2638.8,2647.2,2627.0,0.14
2019-01-25,2664.8,2657.4,2672.4,2657.3,0.85
2019-01-28,2643.8,2645.0,2645.0,2624.1,-0.79
2019-01-29,2640.0,2644.9,2650.9,2631.1,-0.14
2019-01-30,2681.1,2653.6,2690.4,2648.3,1.56
2019-01-31,2704.1,2685.5,2708.9,2678.7,0.86
2019-02-01,2706.5,2702.3,2716.7,2696.9,0.09
2019-02-04,2724.9,2706.5,2725.0,2698.8,0.68
2019-02-05,2737.7,2728.3,2739.0,2724.0,0.47
2019-02-06,2731.6,2735.1,2738.1,2724.2,-0.22
2019-02-07,2706.1,2717.5,2719.3,2687.3,-0.93
2019-02-08,2707.9,2692.4,2708.1,2681.8,0.07
2019-02-11,2709.8,2712.4,2718.1,2703.8,0.07
2019-02-12,2744.7,2722.6,2748.2,2722.6,1.29
2019-02-13,2753.0,2750.3,2761.8,2748.6,0.3
2019-02-14,2745.7,2743.5,2757.9,2731.2,-0.27
2019-02-15,2775.6,2760.2,2775.7,2760.2,1.09
2019-02-19,2779.8,2769.3,2787.3,2767.3,0.15
2019-02-20,2784.7,2779.1,2789.9,2774.1,0.18
2019-02-21,2774.9,2780.2,2781.6,2764.6,-0.35
2019-02-22,2792.7,2780.7,2794.2,2779.1,0.64
2019-02-25,2796.1,2804.3,2813.5,2795.0,0.12
2019-02-26,2793.9,2792.4,2803.1,2789.5,-0.08
2019-02-27,2792.4,2787.5,2795.8,2775.1,-0.05
2019-02-28,2784.5,2788.1,2793.7,2782.5,-0.28
2019-03-01,2803.7,2798.2,2808.0,2787.4,0.69
2019-03-04,2792.8,2814.4,2816.9,2767.7,-0.39
2019-03-05,2789.7,2794.4,2796.4,2783.0,-0.11
2019-03-06,2771.4,2790.3,2790.3,2768.7,-0.66
2019-03-07,2748.9,2766.5,2767.2,2739.1,-0.81
2019-03-08,2743.1,2730.8,2744.1,2722.3,-0.21
2019-03-11,2783.3,2747.6,2784.0,2747.6,1.47
2019-03-12,2791.5,2787.3,2798.3,2786.7,0.29
2019-03-13,2810.9,2799.8,2821.2,2799.8,0.69
2019-03-14,2808.5,2810.4,2815.0,2803.5,-0.09
2019-03-15,2822.5,2810.8,2830.7,2810.8,0.5
2019-03-18,2832.9,2822.6,2835.4,2822.0,0.37
2019-03-19,2832.6,2840.8,2852.4,2823.3,-0.01
2019-03-20,2824.2,2831.3,2843.5,2812.4,-0.3
2019-03-21,2854.9,2819.7,2860.3,2817.4,1.09
2019-03-22,2800.7,2844.5,2846.2,2800.5,-1.9
2019-03-25,2798.4,2796.0,2809.8,2785.0,-0.08
2019-03-26,2818.5,2812.7,2829.9,2804.0,0.72
2019-03-27,2805.4,2819.7,2825.6,2787.7,-0.46
2019-03-28,2815.4,2809.4,2819.7,2798.8,0.36
2019-03-29,2834.4,2828.3,2836.0,2819.2,0.67
2019-04-01,2867.2,2848.6,2869.4,2848.6,1.16
2019-04-02,2867.2,2868.2,2872.9,2858.8,0.0
2019-04-03,2873.4,2876.1,2885.2,2865.2,0.22
2019-04-04,2879.4,2874.0,2881.3,2867.1,0.21
2019-04-05,2892.7,2884.2,2893.2,2883.0,0.46
2019-04-08,2895.8,2888.5,2895.9,2880.8,0.11
2019-04-09,2878.2,2886.6,2886.9,2873.3,-0.61
2019-04-10,2888.2,2881.4,2889.7,2879.1,0.35
2019-04-11,2888.3,2891.9,2893.4,2882.0,0.0
2019-04-12,2907.4,2900.9,2910.5,2898.4,0.66
2019-04-15,2905.6,2908.3,2909.6,2896.5,-0.06
2019-04-16,2907.1,2912.3,2916.1,2900.7,0.05
2019-04-17,2900.4,2916.0,2918.0,2895.4,-0.23
2019-04-18,2905.0,2904.8,2908.4,2891.9,0.16
2019-04-22,2908.0,2898.8,2909.5,2896.3,0.1
2019-04-23,2933.7,2910.0,2936.3,2908.5,0.88
2019-04-24,2927.2,2934.0,2936.8,2926.1,-0.22
2019-04-25,2926.2,2929.0,2933.1,2912.8,-0.03
2019-04-26,2939.9,2925.8,2939.9,2917.6,0.47
2019-04-29,2943.0,2940.6,2949.5,2939.3,0.11
2019-04-30,2945.8,2937.1,2948.2,2924.1,0.1
2019-05-01,2923.7,2952.3,2954.1,2923.4,-0.75
2019-05-02,2917.5,2922.2,2931.7,2900.5,-0.21
2019-05-03,2945.6,2929.2,2947.8,2929.2,0.96
2019-05-06,2932.5,2908.9,2937.3,2898.2,-0.44
2019-05-07,2884.1,2913.0,2913.0,2862.6,-1.65
2019-05-08,2879.4,2879.6,2898.0,2873.3,-0.16
2019-05-09,2870.7,2859.8,2876.0,2836.4,-0.3
2019-05-10,2881.4,2863.1,2891.3,2825.4,0.37
2019-05-13,2811.9,2840.2,2840.2,2801.4,-2.41
2019-05-14,2834.4,2820.1,2852.5,2820.1,0.8
2019-05-15,2851.0,2820.4,2858.7,2815.1,0.59
2019-05-16,2876.3,2855.8,2892.2,2855.8,0.89
2019-05-17,2859.5,2858.6,2885.5,2854.2,-0.58
2019-05-20,2840.2,2841.9,2853.9,2831.3,-0.67
2019-05-21,2864.4,2854.0,2868.9,2854.0,0.85
2019-05-22,2856.3,2856.1,2865.5,2851.1,-0.28
2019-05-23,2822.2,2836.7,2836.7,2805.5,-1.19
2019-05-24,2826.1,2832.4,2841.4,2820.2,0.14
2019-05-28,2802.4,2830.0,2840.5,2801.6,-0.84
2019-05-29,2783.0,2790.2,2792.0,2766.1,-0.69
2019-05-30,2788.9,2786.9,2799.0,2776.7,0.21
2019-05-31,2752.1,2766.2,2769.0,2750.5,-1.32
2019-06-03,2744.4,2751.5,2763.1,2728.8,-0.28
2019-06-04,2803.3,2762.6,2804.5,2762.6,2.15
2019-06-05,2826.2,2818.1,2827.3,2800.9,0.82
2019-06-06,2843.5,2828.5,2852.1,2822.4,0.61
2019-06-07,2873.3,2852.9,2885.0,2852.9,1.05
2019-06-10,2886.7,2885.8,2904.8,2885.5,0.47
2019-06-11,2885.7,2903.3,2910.6,2878.5,-0.03
2019-06-12,2879.8,2882.7,2888.6,2874.7,-0.2
2019-06-13,2891.6,2886.2,2895.2,2882.0,0.41
2019-06-14,2887.0,2886.8,2894.4,2879.6,-0.16
2019-06-17,2889.7,2889.8,2897.3,2887.3,0.09
2019-06-18,2917.8,2906.7,2930.8,2905.4,0.97
2019-06-19,2926.5,2920.6,2931.7,2911.4,0.3
2019-06-20,2954.2,2949.6,2958.1,2931.5,0.95
2019-06-21,2950.5,2952.7,2964.2,2946.9,-0.13
2019-06-24,2945.3,2951.4,2954.9,2944.1,-0.18
2019-06-25,2917.4,2945.8,2946.5,2916.0,-0.95
2019-06-26,2913.8,2926.1,2932.6,2913.0,-0.12
2019-06-27,2924.9,2919.7,2929.3,2918.6,0.38
2019-06-28,2941.8,2932.9,2944.0,2929.1,0.58
2019-07-01,2964.3,2971.4,2977.9,2952.2,0.76
2019-07-02,2973.0,2964.7,2973.2,2955.9,0.29
2019-07-03,2995.8,2978.1,2995.8,2978.0,0.77
2019-07-05,2990.4,2984.2,2994.0,2968.0,-0.18
2019-07-08,2975.9,2979.8,2980.8,2970.1,-0.48
2019-07-09,2979.6,2965.5,2981.9,2963.4,0.12
2019-07-10,2993.1,2989.3,3003.0,2984.6,0.45
2019-07-11,2999.9,2999.6,3002.3,2988.8,0.23
2019-07-12,3013.8,3003.4,3013.9,3001.9,0.46
2019-07-15,3014.3,3017.8,3017.8,3008.8,0.02
2019-07-16,3004.0,3012.1,3015.0,3001.2,-0.34
2019-07-17,2984.4,3005.1,3005.3,2984.2,-0.65
2019-07-18,2995.1,2978.9,2998.3,2973.1,0.36
2019-07-19,2976.6,3004.3,3006.0,2975.9,-0.62
2019-07-22,2985.0,2981.9,2990.7,2976.7,0.28
2019-07-23,3005.5,2994.7,3005.9,2988.6,0.69
2019-07-24,3019.6,2998.8,3019.6,2996.8,0.47
2019-07-25,3003.7,3016.3,3016.3,2997.2,-0.53
2019-07-26,3025.9,3013.2,3028.0,3012.6,0.74
2019-07-29,3021.0,3024.5,3025.6,3014.3,-0.16
2019-07-30,3013.2,3007.7,3017.2,3000.9,-0.26
2019-07-31,2980.4,3016.2,3017.4,2958.1,-1.09
2019-08-01,2953.6,2980.3,3013.6,2945.2,-0.9
2019-08-02,2932.1,2943.9,2945.5,2914.1,-0.73
2019-08-05,2844.7,2898.1,2898.1,2822.1,-2.98
2019-08-06,2881.8,2861.2,2884.4,2847.4,1.3
2019-08-07,2884.0,2858.7,2892.2,2825.7,0.08
2019-08-08,2938.1,2896.2,2938.7,2894.5,1.88
2019-08-09,2918.7,2930.5,2935.8,2900.2,-0.66
2019-08-12,2883.8,2907.1,2907.6,2873.1,-1.2
2019-08-13,2926.3,2880.7,2943.3,2877.1,1.47
2019-08-14,2840.6,2894.2,2894.2,2839.6,-2.93
2019-08-15,2847.6,2846.2,2856.7,2825.5,0.25
2019-08-16,2888.7,2864.7,2893.6,2864.7,1.44
2019-08-19,2923.7,2913.5,2931.0,2913.5,1.21
2019-08-20,2900.5,2919.0,2923.6,2899.6,-0.79
2019-08-21,2924.4,2922.0,2928.7,2917.9,0.82
2019-08-22,2922.9,2930.9,2939.1,2904.5,-0.05
2019-08-23,2847.1,2911.1,2927.0,2835.0,-2.59
2019-08-26,2878.4,2866.7,2879.3,2856.0,1.1
2019-08-27,2869.2,2893.1,2898.8,2860.6,-0.32
2019-08-28,2887.9,2861.3,2890.0,2853.1,0.65
2019-08-29,2924.6,2910.4,2930.5,2905.7,1.27
2019-08-30,2926.5,2937.1,2940.4,2913.3,0.06
2019-09-03,2906.3,2909.0,2914.4,2891.8,-0.69
2019-09-04,2937.8,2924.7,2938.8,2921.9,1.08
2019-09-05,2976.0,2960.6,2985.9,2960.6,1.3
2019-09-06,2978.7,2980.3,2985.0,2972.5,0.09
2019-09-09,2978.4,2988.4,2989.4,2969.4,-0.01
2019-09-10,2979.4,2971.0,2979.4,2957.0,0.03
2019-09-11,3000.9,2981.4,3000.9,2975.3,0.72
2019-09-12,3009.6,3009.1,3020.7,3000.9,0.29
2019-09-13,3007.4,3012.2,3017.3,3002.9,-0.07
2019-09-16,2998.0,2996.4,3002.2,2990.7,-0.31
2019-09-17,3005.7,2995.7,3006.2,2993.7,0.26
2019-09-18,3006.7,3001.5,3007.8,2978.6,0.03
2019-09-19,3006.8,3010.4,3022.0,3003.2,0.0
2019-09-20,2992.1,3008.4,3016.4,2984.7,-0.49
2019-09-23,2991.8,2983.5,2999.2,2982.2,-0.01
2019-09-24,2966.6,3002.4,3008.0,2957.7,-0.84
2019-09-25,2984.9,2968.3,2989.8,2952.9,0.62
2019-09-26,2977.6,2985.7,2987.3,2963.7,-0.24
2019-09-27,2961.8,2985.5,2987.3,2945.5,-0.53
2019-09-30,2976.7,2967.1,2983.8,2967.1,0.5
2019-10-01,2940.2,2983.7,2992.5,2938.7,-1.23
2019-10-02,2887.6,2924.8,2924.8,2874.9,-1.79
2019-10-03,2910.6,2885.4,2911.1,2855.9,0.8
2019-10-04,2952.0,2918.6,2953.7,2918.6,1.42
2019-10-07,2938.8,2944.2,2959.8,2935.7,-0.45
2019-10-08,2893.1,2920.4,2925.5,2892.7,-1.56
2019-10-09,2919.4,2911.1,2929.3,2907.4,0.91
2019-10-10,2938.1,2918.6,2948.5,2917.1,0.64
2019-10-11,2970.3,2963.1,2993.3,2963.1,1.1
2019-10-14,2966.2,2965.8,2972.8,2962.9,-0.14
2019-10-15,2995.7,2973.6,3003.3,2973.6,0.99
2019-10-16,2989.7,2989.7,2997.5,2985.2,-0.2
2019-10-17,2997.9,3000.8,3008.3,2991.8,0.27
2019-10-18,2986.2,2996.8,3000.0,2976.3,-0.39
2019-10-21,3006.7,2996.5,3007.3,2995.3,0.69
2019-10-22,2996.0,3010.7,3014.6,2995.0,-0.36
2019-10-23,3004.5,2994.0,3004.8,2991.2,0.28
2019-10-24,3010.3,3014.8,3016.1,3000.4,0.19
2019-10-25,3022.6,3003.3,3027.4,3001.9,0.41
2019-10-28,3039.4,3032.1,3044.1,3032.1,0.56
2019-10-29,3036.9,3035.4,3047.9,3034.8,-0.08
2019-10-30,3046.8,3039.7,3050.1,3026.0,0.33
2019-10-31,3037.6,3046.9,3046.9,3023.2,-0.3
2019-11-01,3066.9,3050.7,3066.9,3050.7,0.96
2019-11-04,3078.3,3079.0,3085.2,3074.9,0.37
2019-11-05,3074.6,3080.8,3083.9,3072.2,-0.12
2019-11-06,3076.8,3075.1,3078.3,3065.9,0.07
2019-11-07,3085.2,3087.0,3097.8,3080.2,0.27
2019-11-08,3093.1,3081.2,3093.1,3073.6,0.26
2019-11-11,3087.0,3080.3,3088.3,3075.8,-0.2
2019-11-12,3091.8,3089.3,3102.6,3084.7,0.16
2019-11-13,3094.0,3084.2,3098.1,3078.8,0.07
2019-11-14,3096.6,3090.8,3098.2,3083.3,0.08
